,Open,High,Low,Close,Adj Close,Volume,agg grade,Tomorrow
2012-03-08,68.68000030517578,70.96428680419922,68.65142822265625,70.4528579711914,60.88111114501953,221053700.0,1,77.42713928222656
2012-03-13,76.38428497314453,77.56999969482422,76.01714324951172,77.42713928222656,66.9078369140625,129114300.0,2,81.15714263916016
2012-03-14,79.64857482910156,81.16857147216797,79.39286041259766,81.15714263916016,70.13105010986328,172713800.0,1,84.22571563720703
2012-03-14,82.57857513427734,84.95999908447266,82.19999694824219,84.22571563720703,72.78276062011719,354711000.0,2,84.22571563720703
2012-03-14,82.57857513427734,84.95999908447266,82.19999694824219,84.22571563720703,72.78276062011719,354711000.0,1,84.22571563720703
2012-03-15,82.57857513427734,84.95999908447266,82.19999694824219,84.22571563720703,72.78276062011719,354711000.0,1,83.65142822265625
2012-03-16,85.6585693359375,85.71571350097656,82.6500015258789,83.65142822265625,72.28648376464844,289929500.0,2,83.6528549194336
2012-03-16,83.53142547607422,84.17142486572266,82.57142639160156,83.6528549194336,72.28772735595703,206371900.0,2,83.6528549194336
2012-03-19,83.53142547607422,84.17142486572266,82.57142639160156,83.6528549194336,72.28772735595703,206371900.0,1,85.87142944335938
2012-03-19,85.48143005371094,85.9671401977539,84.1500015258789,85.87142944335938,74.20487213134766,225309000.0,2,85.87142944335938
2012-03-19,85.48143005371094,85.9671401977539,84.1500015258789,85.87142944335938,74.20487213134766,225309000.0,2,85.87142944335938
2012-03-19,85.48143005371094,85.9671401977539,84.1500015258789,85.87142944335938,74.20487213134766,225309000.0,1,85.87142944335938
2012-03-20,85.48143005371094,85.9671401977539,84.1500015258789,85.87142944335938,74.20487213134766,225309000.0,2,86.56571197509766
2012-03-20,85.644287109375,86.69999694824219,84.49714660644531,86.56571197509766,74.8048324584961,204165500.0,1,86.56571197509766
2012-03-21,85.644287109375,86.69999694824219,84.49714660644531,86.56571197509766,74.8048324584961,204165500.0,1,86.07142639160156
2012-03-21,86.105712890625,87.09285736083984,85.91571807861328,86.07142639160156,74.3777084350586,161010500.0,1,86.07142639160156
2012-03-30,86.105712890625,87.09285736083984,85.91571807861328,86.07142639160156,74.3777084350586,161010500.0,1,85.6500015258789
2012-04-03,86.9671401977539,87.22285461425781,85.41999816894531,85.6500015258789,74.01354217529297,182759500.0,2,89.9028549194336
2012-04-03,89.61428833007812,90.31571197509766,88.93000030517578,89.9028549194336,77.68858337402344,208639900.0,2,89.9028549194336
2012-04-05,89.61428833007812,90.31571197509766,88.93000030517578,89.9028549194336,77.68858337402344,208639900.0,2,90.52571105957031
2012-04-09,89.56857299804688,90.66571807861328,89.05714416503906,90.52571105957031,78.2268295288086,160324500.0,1,90.88999938964844
2012-04-11,89.4471435546875,91.40571594238281,89.32857513427734,90.88999938964844,78.5416259765625,149384200.0,3,89.45714569091797
2012-04-12,90.88571166992188,90.98143005371094,89.04856872558594,89.45714569091797,77.30342864990234,174153700.0,1,88.9671401977539
2012-04-13,89.28571319580078,90.19000244140625,88.64286041259766,88.9671401977539,76.88002014160156,153584200.0,2,86.46142578125
2012-04-18,89.1585693359375,89.24285888671875,86.21571350097656,86.46142578125,74.7147445678711,214911200.0,1,86.90571594238281
2012-04-19,87.67428588867188,88.60713958740234,86.10142517089844,86.90571594238281,75.09864807128906,238632800.0,1,83.91999816894531
2012-04-25,85.74571228027344,86.38999938964844,83.50285339355469,83.91999816894531,72.51859283447266,208679800.0,1,87.14286041259766
2012-04-25,87.94857025146484,88.28571319580078,86.57142639160156,87.14286041259766,75.3035659790039,226444400.0,1,87.14286041259766
2012-04-25,87.94857025146484,88.28571319580078,86.57142639160156,87.14286041259766,75.3035659790039,226444400.0,1,87.14286041259766
2012-04-25,87.94857025146484,88.28571319580078,86.57142639160156,87.14286041259766,75.3035659790039,226444400.0,1,87.14286041259766
2012-04-25,87.94857025146484,88.28571319580078,86.57142639160156,87.14286041259766,75.3035659790039,226444400.0,2,87.14286041259766
2012-04-25,87.94857025146484,88.28571319580078,86.57142639160156,87.14286041259766,75.3035659790039,226444400.0,2,87.14286041259766
2012-04-25,87.94857025146484,88.28571319580078,86.57142639160156,87.14286041259766,75.3035659790039,226444400.0,1,87.14286041259766
2012-04-25,87.94857025146484,88.28571319580078,86.57142639160156,87.14286041259766,75.3035659790039,226444400.0,1,87.14286041259766
2012-04-25,87.94857025146484,88.28571319580078,86.57142639160156,87.14286041259766,75.3035659790039,226444400.0,1,87.14286041259766
2012-04-25,87.94857025146484,88.28571319580078,86.57142639160156,87.14286041259766,75.3035659790039,226444400.0,1,87.14286041259766
2012-04-26,87.94857025146484,88.28571319580078,86.57142639160156,87.14286041259766,75.3035659790039,226444400.0,1,86.81428527832031
2012-04-26,87.75285339355469,87.81285858154297,86.01856994628906,86.81428527832031,75.01964569091797,134017100.0,1,86.81428527832031
2012-06-04,87.75285339355469,87.81285858154297,86.01856994628906,86.81428527832031,75.01964569091797,134017100.0,2,80.61285400390625
2012-07-11,80.21428680419922,81.07142639160156,78.35713958740234,80.61285400390625,69.6607437133789,139248900.0,1,86.3471450805664
2012-07-25,86.58856964111328,86.8085708618164,85.31714630126953,86.3471450805664,74.615966796875,117330500.0,1,82.1385726928711
2012-07-25,82.06571197509766,82.97142791748047,81.42857360839844,82.1385726928711,70.97917175292969,219328200.0,2,82.1385726928711
2012-07-25,82.06571197509766,82.97142791748047,81.42857360839844,82.1385726928711,70.97917175292969,219328200.0,1,82.1385726928711
2012-07-25,82.06571197509766,82.97142791748047,81.42857360839844,82.1385726928711,70.97917175292969,219328200.0,2,82.1385726928711
2012-07-25,82.06571197509766,82.97142791748047,81.42857360839844,82.1385726928711,70.97917175292969,219328200.0,1,82.1385726928711
2012-07-26,82.06571197509766,82.97142791748047,81.42857360839844,82.1385726928711,70.97917175292969,219328200.0,2,82.12571716308594
2012-08-09,82.82286071777344,82.9142837524414,81.4800033569336,82.12571716308594,70.96805572509766,101658200.0,3,88.67571258544922
2012-08-17,88.2642822265625,88.81857299804688,88.25714111328125,88.67571258544922,76.95716094970703,55410600.0,1,92.58714294433594
2012-08-21,91.42857360839844,92.59857177734375,91.2585678100586,92.58714294433594,80.35171508789062,110690300.0,1,93.72285461425781
2012-08-22,95.83142852783203,96.41143035888672,92.90428924560547,93.72285461425781,81.33732604980469,203179900.0,3,95.5528564453125
2012-08-27,93.48857116699219,95.57142639160156,92.58714294433594,95.5528564453125,82.92550659179688,141330700.0,1,96.52571105957031
2012-08-27,97.14142608642578,97.26714324951172,96.22000122070312,96.52571105957031,83.76980590820312,106752100.0,2,96.52571105957031
2012-09-04,97.14142608642578,97.26714324951172,96.22000122070312,96.52571105957031,83.76980590820312,106752100.0,1,96.42428588867188
2012-09-05,95.10857391357422,96.44857025146484,94.92857360839844,96.42428588867188,83.6817855834961,91973000.0,2,95.74714660644531
2012-09-06,96.51000213623047,96.62142944335938,95.65714263916016,95.74714660644531,83.0941162109375,84093800.0,2,96.61000061035156
2012-09-10,96.16714477539062,96.89857482910156,95.82857513427734,96.61000061035156,83.84295654296875,97799100.0,1,94.67713928222656
2012-09-12,97.20714569091797,97.61285400390625,94.5857162475586,94.67713928222656,82.16551971435547,121999500.0,1,95.68428802490234
2012-09-12,95.2642822265625,95.69999694824219,93.71428680419922,95.68428802490234,83.0395736694336,178058300.0,1,95.68428802490234
2012-09-13,95.2642822265625,95.69999694824219,93.71428680419922,95.68428802490234,83.0395736694336,178058300.0,1,97.56857299804688
2012-09-13,96.76714324951172,97.92857360839844,96.39571380615234,97.56857299804688,84.6748275756836,149590000.0,1,97.56857299804688
2012-09-13,96.76714324951172,97.92857360839844,96.39571380615234,97.56857299804688,84.6748275756836,149590000.0,1,97.56857299804688
2012-09-13,96.76714324951172,97.92857360839844,96.39571380615234,97.56857299804688,84.6748275756836,149590000.0,1,97.56857299804688
2012-09-14,96.76714324951172,97.92857360839844,96.39571380615234,97.56857299804688,84.6748275756836,149590000.0,2,98.75428771972656
2012-09-17,98.56571197509766,99.56857299804688,98.2699966430664,98.75428771972656,85.70387268066406,150118500.0,1,99.96857452392578
2012-09-18,99.90714263916016,99.97142791748047,99.2300033569336,99.96857452392578,86.75765991210938,99507800.0,2,100.27285766601562
2012-09-18,99.98285675048828,100.33285522460938,99.48857116699219,100.27285766601562,87.02175903320312,93375800.0,1,100.27285766601562
2012-09-21,99.98285675048828,100.33285522460938,99.48857116699219,100.27285766601562,87.02175903320312,93375800.0,1,100.01285552978516
2012-09-21,100.34428405761719,100.72428894042969,99.9085693359375,100.01285552978516,86.79612731933594,142897300.0,1,100.01285552978516
2012-10-09,100.34428405761719,100.72428894042969,99.9085693359375,100.01285552978516,86.79612731933594,142897300.0,1,90.8357162475586
2012-10-24,91.2357177734375,91.49857330322266,89.07857513427734,90.8357162475586,78.83172607421875,209649300.0,3,88.11856842041016
2012-10-24,88.77714538574219,89.50714111328125,87.23428344726562,88.11856842041016,76.47367095947266,139631800.0,1,88.11856842041016
2012-10-26,88.77714538574219,89.50714111328125,87.23428344726562,88.11856842041016,76.47367095947266,139631800.0,2,86.28571319580078
2012-10-26,87.06143188476562,87.71428680419922,84.42857360839844,86.28571319580078,74.88301849365234,254608200.0,3,86.28571319580078
2012-10-26,87.06143188476562,87.71428680419922,84.42857360839844,86.28571319580078,74.88301849365234,254608200.0,2,86.28571319580078
2012-11-01,87.06143188476562,87.71428680419922,84.42857360839844,86.28571319580078,74.88301849365234,254608200.0,1,85.22000122070312
2012-11-19,85.45999908447266,86.14286041259766,84.88143157958984,85.22000122070312,73.95813751220703,90324500.0,1,80.81857299804688
2012-11-26,77.2442855834961,81.07142639160156,77.12571716308594,80.81857299804688,70.45869445800781,205829400.0,1,84.21857452392578
2012-12-05,82.27143096923828,84.28571319580078,81.95857238769531,84.21857452392578,73.4228744506836,157644900.0,1,76.97000122070312
2012-12-10,81.27285766601562,81.32142639160156,76.9671401977539,76.97000122070312,67.10346984863281,261159500.0,0,75.68856811523438
2012-12-14,75.0,76.93000030517578,74.51142883300781,75.68856811523438,65.9863052368164,157621100.0,1,72.82714080810547
2012-12-17,73.53571319580078,74.01856994628906,72.22571563720703,72.82714080810547,63.491661071777344,252394800.0,1,74.11856842041016
2012-12-17,72.70428466796875,74.28571319580078,71.60428619384766,74.11856842041016,64.61756896972656,189401800.0,3,74.11856842041016
2012-12-17,72.70428466796875,74.28571319580078,71.60428619384766,74.11856842041016,64.61756896972656,189401800.0,2,74.11856842041016
2012-12-17,72.70428466796875,74.28571319580078,71.60428619384766,74.11856842041016,64.61756896972656,189401800.0,2,74.11856842041016
2013-01-07,72.70428466796875,74.28571319580078,71.60428619384766,74.11856842041016,64.61756896972656,189401800.0,1,74.84285736083984
2013-01-10,74.57142639160156,75.61428833007812,73.5999984741211,74.84285736083984,65.2490005493164,121039100.0,2,74.78713989257812
2013-01-11,75.50714111328125,75.53142547607422,73.64571380615234,74.78713989257812,65.2004165649414,150286500.0,2,74.32857513427734
2013-01-15,74.42857360839844,75.04571533203125,74.14571380615234,74.32857513427734,64.8006362915039,87626700.0,1,69.41714477539062
2013-01-16,71.18571472167969,71.28428649902344,69.05428314208984,69.41714477539062,60.5187873840332,219193100.0,3,72.29856872558594
2013-01-16,70.66285705566406,72.77714538574219,70.35713958740234,72.29856872558594,63.030853271484375,172701200.0,1,72.29856872558594
2013-01-16,70.66285705566406,72.77714538574219,70.35713958740234,72.29856872558594,63.030853271484375,172701200.0,1,72.29856872558594
2013-01-16,70.66285705566406,72.77714538574219,70.35713958740234,72.29856872558594,63.030853271484375,172701200.0,1,72.29856872558594
2013-01-17,70.66285705566406,72.77714538574219,70.35713958740234,72.29856872558594,63.030853271484375,172701200.0,3,71.81143188476562
2013-01-17,72.90142822265625,72.96428680419922,71.71857452392578,71.81143188476562,62.60615539550781,113419600.0,2,71.81143188476562
2013-01-22,72.90142822265625,72.96428680419922,71.71857452392578,71.81143188476562,62.60615539550781,113419600.0,2,72.11000061035156
2013-01-22,72.08000183105469,72.55428314208984,70.9471435546875,72.11000061035156,62.8664665222168,115386600.0,1,72.11000061035156
2013-01-22,72.08000183105469,72.55428314208984,70.9471435546875,72.11000061035156,62.8664665222168,115386600.0,2,72.11000061035156
2013-01-24,72.08000183105469,72.55428314208984,70.9471435546875,72.11000061035156,62.8664665222168,115386600.0,1,64.35713958740234
2013-01-24,65.71428680419922,66.5328598022461,64.32142639160156,64.35713958740234,56.1074104309082,365213100.0,3,64.35713958740234
2013-01-24,65.71428680419922,66.5328598022461,64.32142639160156,64.35713958740234,56.1074104309082,365213100.0,0,64.35713958740234
2013-01-24,65.71428680419922,66.5328598022461,64.32142639160156,64.35713958740234,56.1074104309082,365213100.0,2,64.35713958740234
2013-01-24,65.71428680419922,66.5328598022461,64.32142639160156,64.35713958740234,56.1074104309082,365213100.0,1,64.35713958740234
2013-01-24,65.71428680419922,66.5328598022461,64.32142639160156,64.35713958740234,56.1074104309082,365213100.0,2,64.35713958740234
2013-01-24,65.71428680419922,66.5328598022461,64.32142639160156,64.35713958740234,56.1074104309082,365213100.0,3,64.35713958740234
2013-01-24,65.71428680419922,66.5328598022461,64.32142639160156,64.35713958740234,56.1074104309082,365213100.0,1,64.35713958740234
2013-01-24,65.71428680419922,66.5328598022461,64.32142639160156,64.35713958740234,56.1074104309082,365213100.0,1,64.35713958740234
2013-01-24,65.71428680419922,66.5328598022461,64.32142639160156,64.35713958740234,56.1074104309082,365213100.0,2,64.35713958740234
2013-01-24,65.71428680419922,66.5328598022461,64.32142639160156,64.35713958740234,56.1074104309082,365213100.0,2,64.35713958740234
2013-01-24,65.71428680419922,66.5328598022461,64.32142639160156,64.35713958740234,56.1074104309082,365213100.0,1,64.35713958740234
2013-01-24,65.71428680419922,66.5328598022461,64.32142639160156,64.35713958740234,56.1074104309082,365213100.0,2,64.35713958740234
2013-01-24,65.71428680419922,66.5328598022461,64.32142639160156,64.35713958740234,56.1074104309082,365213100.0,1,64.35713958740234
2013-01-24,65.71428680419922,66.5328598022461,64.32142639160156,64.35713958740234,56.1074104309082,365213100.0,1,64.35713958740234
2013-01-24,65.71428680419922,66.5328598022461,64.32142639160156,64.35713958740234,56.1074104309082,365213100.0,1,64.35713958740234
2013-01-24,65.71428680419922,66.5328598022461,64.32142639160156,64.35713958740234,56.1074104309082,365213100.0,1,64.35713958740234
2013-01-24,65.71428680419922,66.5328598022461,64.32142639160156,64.35713958740234,56.1074104309082,365213100.0,1,64.35713958740234
2013-01-24,65.71428680419922,66.5328598022461,64.32142639160156,64.35713958740234,56.1074104309082,365213100.0,1,64.35713958740234
2013-01-24,65.71428680419922,66.5328598022461,64.32142639160156,64.35713958740234,56.1074104309082,365213100.0,3,64.35713958740234
2013-01-24,65.71428680419922,66.5328598022461,64.32142639160156,64.35713958740234,56.1074104309082,365213100.0,1,64.35713958740234
2013-02-25,65.71428680419922,66.5328598022461,64.32142639160156,64.35713958740234,56.1074104309082,365213100.0,2,63.25714111328125
2013-03-05,64.8357162475586,65.01714324951172,63.22428512573242,63.25714111328125,55.46981430053711,93144800.0,1,61.591426849365234
2013-03-06,60.211429595947266,62.16999816894531,60.10714340209961,61.591426849365234,54.00916290283203,159608400.0,3,60.808570861816406
2013-03-06,62.07285690307617,62.17856979370117,60.63285827636719,60.808570861816406,53.32268524169922,115062500.0,5,60.808570861816406
2013-03-11,62.07285690307617,62.17856979370117,60.63285827636719,60.808570861816406,53.32268524169922,115062500.0,3,62.5528564453125
2013-03-12,61.39285659790039,62.71571350097656,60.73428726196289,62.5528564453125,54.85224151611328,118559000.0,2,61.20428466796875
2013-03-14,62.228572845458984,62.6971435546875,61.08142852783203,61.20428466796875,53.669681549072266,116477900.0,3,61.78571319580078
2013-03-15,61.83285903930664,62.091426849365234,61.49285888671875,61.78571319580078,54.17953872680664,75968900.0,1,63.380001068115234
2013-03-20,62.56142807006836,63.461429595947266,62.46428680419922,63.380001068115234,55.577552795410156,160990200.0,1,64.58285522460938
2013-03-26,65.34571075439453,65.37571716308594,64.22714233398438,64.58285522460938,56.63232421875,77165200.0,1,65.87714385986328
2013-04-02,66.4914321899414,66.54856872558594,65.79000091552734,65.87714385986328,57.76728439331055,73573500.0,2,61.3985710144043
2013-04-04,61.08571243286133,62.591426849365234,60.91428756713867,61.3985710144043,53.840049743652344,132379800.0,1,61.10285568237305
2013-04-12,61.96571350097656,62.14285659790039,60.75,61.10285568237305,53.58074188232422,89611900.0,1,61.400001525878906
2013-04-16,62.021427154541016,62.021427154541016,61.2985725402832,61.400001525878906,53.841304779052734,59653300.0,2,60.89142990112305
2013-04-16,60.22428512573242,60.94428634643555,60.08142852783203,60.89142990112305,53.39534378051758,76442800.0,1,60.89142990112305
2013-04-18,60.22428512573242,60.94428634643555,60.08142852783203,60.89142990112305,53.39534378051758,76442800.0,2,56.00714111328125
2013-04-18,57.855712890625,57.970001220703125,55.67714309692383,56.00714111328125,49.11233901977539,166574800.0,2,56.00714111328125
2013-04-19,57.855712890625,57.970001220703125,55.67714309692383,56.00714111328125,49.11233901977539,166574800.0,1,55.790000915527344
2013-04-19,55.424285888671875,57.08571243286133,55.014286041259766,55.790000915527344,48.92192840576172,152318600.0,1,55.790000915527344
2013-04-22,55.424285888671875,57.08571243286133,55.014286041259766,55.790000915527344,48.92192840576172,152318600.0,2,56.952857971191406
2013-04-22,56.091426849365234,57.4571418762207,55.895713806152344,56.952857971191406,49.9416389465332,107480100.0,1,56.952857971191406
2013-04-22,56.091426849365234,57.4571418762207,55.895713806152344,56.952857971191406,49.9416389465332,107480100.0,2,56.952857971191406
2013-04-22,56.091426849365234,57.4571418762207,55.895713806152344,56.952857971191406,49.9416389465332,107480100.0,2,56.952857971191406
2013-04-22,56.091426849365234,57.4571418762207,55.895713806152344,56.952857971191406,49.9416389465332,107480100.0,1,56.952857971191406
2013-04-23,56.091426849365234,57.4571418762207,55.895713806152344,56.952857971191406,49.9416389465332,107480100.0,1,58.01856994628906
2013-04-24,57.71285629272461,58.34000015258789,56.97285842895508,58.01856994628906,50.87615203857422,166059600.0,2,57.922855377197266
2013-04-24,56.220001220703125,59.32143020629883,56.07143020629883,57.922855377197266,50.79221725463867,242412800.0,3,57.922855377197266
2013-04-24,56.220001220703125,59.32143020629883,56.07143020629883,57.922855377197266,50.79221725463867,242412800.0,2,57.922855377197266
2013-04-24,56.220001220703125,59.32143020629883,56.07143020629883,57.922855377197266,50.79221725463867,242412800.0,2,57.922855377197266
2013-04-24,56.220001220703125,59.32143020629883,56.07143020629883,57.922855377197266,50.79221725463867,242412800.0,3,57.922855377197266
2013-04-24,56.220001220703125,59.32143020629883,56.07143020629883,57.922855377197266,50.79221725463867,242412800.0,1,57.922855377197266
2013-04-24,56.220001220703125,59.32143020629883,56.07143020629883,57.922855377197266,50.79221725463867,242412800.0,1,57.922855377197266
2013-04-25,56.220001220703125,59.32143020629883,56.07143020629883,57.922855377197266,50.79221725463867,242412800.0,1,58.34000015258789
2013-04-25,58.74714279174805,59.13428497314453,58.14285659790039,58.34000015258789,51.15801239013672,96209400.0,3,58.34000015258789
2013-05-06,58.74714279174805,59.13428497314453,58.14285659790039,58.34000015258789,51.15801239013672,96209400.0,3,65.81571197509766
2013-05-15,65.10142517089844,66.02857208251953,64.90142822265625,65.81571197509766,57.71341323852539,124160400.0,2,61.264286041259766
2013-06-24,62.737144470214844,63.0,60.33714294433594,61.264286041259766,54.07788848876953,185403400.0,3,57.505714416503906
2013-07-01,58.20000076293945,58.380001068115234,56.86428451538086,57.505714416503906,50.760196685791016,120186500.0,3,58.459999084472656
2013-07-24,57.52714157104492,58.895713806152344,57.317142486572266,58.459999084472656,51.60254669189453,97763400.0,0,62.93000030517578
2013-07-24,62.70428466796875,63.512855529785156,62.18000030517578,62.93000030517578,55.548213958740234,147984200.0,1,62.93000030517578
2013-07-24,62.70428466796875,63.512855529785156,62.18000030517578,62.93000030517578,55.548213958740234,147984200.0,1,62.93000030517578
2013-07-24,62.70428466796875,63.512855529785156,62.18000030517578,62.93000030517578,55.548213958740234,147984200.0,1,62.93000030517578
2013-08-01,62.70428466796875,63.512855529785156,62.18000030517578,62.93000030517578,55.548213958740234,147984200.0,2,65.23999786376953
2013-08-02,65.10713958740234,65.25714111328125,64.75142669677734,65.23999786376953,57.58724594116211,51562700.0,3,66.07714080810547
2013-08-12,65.43000030517578,66.12142944335938,65.23714447021484,66.07714080810547,58.3261833190918,68695900.0,3,66.76571655273438
2013-08-15,65.26571655273438,66.94999694824219,65.23285675048828,66.76571655273438,59.323116302490234,91108500.0,1,71.12999725341797
2013-08-21,70.91714477539062,71.77143096923828,69.86856842041016,71.12999725341797,63.20089340209961,122573500.0,2,71.76571655273438
2013-09-03,71.9414291381836,72.44999694824219,71.5999984741211,71.76571655273438,63.76573944091797,83969900.0,1,69.7971420288086
2013-09-04,70.44285583496094,71.5142822265625,69.62142944335938,69.7971420288086,62.01661682128906,82982200.0,5,71.2414321899414
2013-09-06,71.36571502685547,71.74857330322266,70.89714050292969,71.2414321899414,63.299888610839844,86258200.0,1,71.17428588867188
2013-09-09,71.2057113647461,71.33999633789062,69.99285888671875,71.17428588867188,63.24024200439453,89881400.0,2,72.30999755859375
2013-09-11,72.14286041259766,72.55999755859375,71.92571258544922,72.30999755859375,64.24935150146484,85171800.0,2,66.81571197509766
2013-09-11,66.71571350097656,67.66999816894531,66.40142822265625,66.81571197509766,59.36754608154297,224674100.0,3,66.81571197509766
2013-09-11,66.71571350097656,67.66999816894531,66.40142822265625,66.81571197509766,59.36754608154297,224674100.0,3,66.81571197509766
2013-09-11,66.71571350097656,67.66999816894531,66.40142822265625,66.81571197509766,59.36754608154297,224674100.0,3,66.81571197509766
2013-09-11,66.71571350097656,67.66999816894531,66.40142822265625,66.81571197509766,59.36754608154297,224674100.0,1,66.81571197509766
2013-09-11,66.71571350097656,67.66999816894531,66.40142822265625,66.81571197509766,59.36754608154297,224674100.0,2,66.81571197509766
2013-09-11,66.71571350097656,67.66999816894531,66.40142822265625,66.81571197509766,59.36754608154297,224674100.0,2,66.81571197509766
2013-09-13,66.71571350097656,67.66999816894531,66.40142822265625,66.81571197509766,59.36754608154297,224674100.0,3,66.4142837524414
2013-09-23,67.04856872558594,67.40428924560547,66.38571166992188,66.4142837524414,59.0108528137207,74708900.0,3,70.0914306640625
2013-09-23,70.87142944335938,70.98714447021484,68.94285583496094,70.0914306640625,62.278099060058594,190526700.0,2,70.0914306640625
2013-09-24,70.87142944335938,70.98714447021484,68.94285583496094,70.0914306640625,62.278099060058594,190526700.0,3,69.87142944335938
2013-09-24,70.6971435546875,70.78142547607422,69.68856811523438,69.87142944335938,62.08262252807617,91086100.0,2,69.87142944335938
2013-09-27,70.6971435546875,70.78142547607422,69.68856811523438,69.87142944335938,62.08262252807617,91086100.0,2,68.96428680419922
2013-09-30,69.1114273071289,69.23857116699219,68.67428588867188,68.96428680419922,61.276607513427734,57010100.0,1,68.10713958740234
2013-10-04,68.17857360839844,68.8085708618164,67.77285766601562,68.10713958740234,60.51498794555664,65039100.0,2,69.00428771972656
2013-10-07,69.12285614013672,69.22856903076172,68.37142944335938,69.00428771972656,61.31214141845703,64717100.0,2,69.67857360839844
2013-10-14,69.5085678100586,70.37857055664062,69.3357162475586,69.67857360839844,61.91126251220703,78073100.0,1,70.86285400390625
2013-10-21,69.97571563720703,71.08285522460938,69.90714263916016,70.86285400390625,62.96353530883789,65474500.0,1,74.4800033569336
2013-10-23,73.11000061035156,74.9000015258789,73.07428741455078,74.4800033569336,66.1774673461914,99526700.0,1,74.9942855834961
2013-10-23,74.14286041259766,75.09571075439453,74.14286041259766,74.9942855834961,66.63441467285156,78430800.0,3,74.9942855834961
2013-10-29,74.14286041259766,75.09571075439453,74.14286041259766,74.9942855834961,66.63441467285156,78430800.0,2,73.81143188476562
2013-10-29,76.61000061035156,77.03571319580078,73.5057144165039,73.81143188476562,65.5833969116211,158951800.0,2,73.81143188476562
2013-10-29,76.61000061035156,77.03571319580078,73.5057144165039,73.81143188476562,65.5833969116211,158951800.0,1,73.81143188476562
2013-10-29,76.61000061035156,77.03571319580078,73.5057144165039,73.81143188476562,65.5833969116211,158951800.0,2,73.81143188476562
2013-10-29,76.61000061035156,77.03571319580078,73.5057144165039,73.81143188476562,65.5833969116211,158951800.0,3,73.81143188476562
2013-10-29,76.61000061035156,77.03571319580078,73.5057144165039,73.81143188476562,65.5833969116211,158951800.0,3,73.81143188476562
2013-10-29,76.61000061035156,77.03571319580078,73.5057144165039,73.81143188476562,65.5833969116211,158951800.0,1,73.81143188476562
2013-10-29,76.61000061035156,77.03571319580078,73.5057144165039,73.81143188476562,65.5833969116211,158951800.0,1,73.81143188476562
2013-10-29,76.61000061035156,77.03571319580078,73.5057144165039,73.81143188476562,65.5833969116211,158951800.0,1,73.81143188476562
2013-10-29,76.61000061035156,77.03571319580078,73.5057144165039,73.81143188476562,65.5833969116211,158951800.0,2,73.81143188476562
2013-10-29,76.61000061035156,77.03571319580078,73.5057144165039,73.81143188476562,65.5833969116211,158951800.0,1,73.81143188476562
2013-10-29,76.61000061035156,77.03571319580078,73.5057144165039,73.81143188476562,65.5833969116211,158951800.0,1,73.81143188476562
2013-10-29,76.61000061035156,77.03571319580078,73.5057144165039,73.81143188476562,65.5833969116211,158951800.0,2,73.81143188476562
2013-11-14,76.61000061035156,77.03571319580078,73.5057144165039,73.81143188476562,65.5833969116211,158951800.0,1,75.45143127441406
2013-11-18,74.68714141845703,75.6114273071289,74.5528564453125,75.45143127441406,67.43201446533203,70604800.0,1,74.08999633789062
2013-11-25,74.99857330322266,75.31285858154297,74.02857208251953,74.08999633789062,66.21529388427734,61236000.0,2,74.81999969482422
2013-11-29,74.43142700195312,75.12428283691406,74.42857360839844,74.81999969482422,66.86769104003906,57327900.0,2,79.43856811523438
2013-12-02,78.49714660644531,79.76142883300781,78.2585678100586,79.43856811523438,70.99535369873047,79531900.0,1,78.74714660644531
2013-12-03,79.71428680419922,80.61856842041016,78.68856811523438,78.74714660644531,70.37743377685547,118136200.0,1,80.9028549194336
2013-12-06,79.75714111328125,80.91143035888672,79.66857147216797,80.9028549194336,72.30402374267578,112742000.0,1,80.00285339355469
2013-12-10,80.82714080810547,80.96428680419922,79.93856811523438,80.00285339355469,71.49966430664062,86088100.0,3,80.79285430908203
2013-12-12,80.51142883300781,81.12571716308594,80.17142486572266,80.79285430908203,72.20570373535156,69567400.0,3,80.07714080810547
2013-12-16,80.30571746826172,80.76285552978516,80.00428771972656,80.07714080810547,71.56608581542969,65572500.0,1,79.64286041259766
2013-12-19,79.28857421875,80.37714385986328,79.28713989257812,79.64286041259766,71.17793273925781,70648200.0,2,77.77999877929688
2013-12-19,78.5,78.57142639160156,77.67571258544922,77.77999877929688,69.51309204101562,80077200.0,1,77.77999877929688
2013-12-23,78.5,78.57142639160156,77.67571258544922,77.77999877929688,69.51309204101562,80077200.0,2,81.4414291381836
2014-01-06,81.14286041259766,81.53142547607422,80.394287109375,81.4414291381836,72.78535461425781,125326600.0,2,77.70428466796875
2014-01-13,76.77857208251953,78.11428833007812,76.22856903076172,77.70428466796875,69.44542694091797,103152700.0,5,76.5328598022461
2014-01-21,75.70143127441406,77.5,75.6971435546875,76.5328598022461,68.39849090576172,94623200.0,0,78.43856811523438
2014-01-27,77.28428649902344,78.58142852783203,77.2028579711914,78.43856811523438,70.10164642333984,82131700.0,3,78.64286041259766
2014-01-28,78.58142852783203,79.25714111328125,77.96428680419922,78.64286041259766,70.28422546386719,138719700.0,3,72.35713958740234
2014-01-28,72.68000030517578,73.57142639160156,71.72428894042969,72.35713958740234,64.6666030883789,266380800.0,3,72.35713958740234
2014-01-28,72.68000030517578,73.57142639160156,71.72428894042969,72.35713958740234,64.6666030883789,266380800.0,2,72.35713958740234
2014-02-14,72.68000030517578,73.57142639160156,71.72428894042969,72.35713958740234,64.6666030883789,266380800.0,1,77.71286010742188
2014-02-20,77.49571228027344,77.99714660644531,77.31571197509766,77.71286010742188,69.86880493164062,68231100.0,3,75.87857055664062
2014-03-03,76.14142608642578,76.71428680419922,75.57142639160156,75.87857055664062,68.21968078613281,76464500.0,3,75.394287109375
2014-03-11,74.77428436279297,75.80714416503906,74.68714141845703,75.394287109375,67.78424835205078,59695300.0,1,76.58428192138672
2014-03-21,76.49285888671875,76.96286010742188,76.08428192138672,76.58428192138672,68.85414123535156,69806100.0,2,76.12428283691406
2014-04-10,75.98999786376953,76.25,75.19000244140625,76.12428283691406,68.4405517578125,93511600.0,2,74.7828598022461
2014-04-24,75.81143188476562,76.03428649902344,74.73857116699219,74.7828598022461,67.23454284667969,59913000.0,1,81.11000061035156
2014-04-24,81.17285919189453,81.42857360839844,80.10428619384766,81.11000061035156,72.92303466796875,189977900.0,3,81.11000061035156
2014-04-24,81.17285919189453,81.42857360839844,80.10428619384766,81.11000061035156,72.92303466796875,189977900.0,1,81.11000061035156
2014-04-24,81.17285919189453,81.42857360839844,80.10428619384766,81.11000061035156,72.92303466796875,189977900.0,3,81.11000061035156
2014-04-24,81.17285919189453,81.42857360839844,80.10428619384766,81.11000061035156,72.92303466796875,189977900.0,3,81.11000061035156
2014-04-24,81.17285919189453,81.42857360839844,80.10428619384766,81.11000061035156,72.92303466796875,189977900.0,2,81.11000061035156
2014-04-24,81.17285919189453,81.42857360839844,80.10428619384766,81.11000061035156,72.92303466796875,189977900.0,3,81.11000061035156
2014-04-24,81.17285919189453,81.42857360839844,80.10428619384766,81.11000061035156,72.92303466796875,189977900.0,3,81.11000061035156
2014-05-06,81.17285919189453,81.42857360839844,80.10428619384766,81.11000061035156,72.92303466796875,189977900.0,1,84.91571807861328
2014-05-09,85.97142791748047,86.34428405761719,84.91571807861328,84.91571807861328,76.34464263916016,93641100.0,2,83.64857482910156
2014-05-28,83.5057144165039,83.75,82.90428924560547,83.64857482910156,75.62542724609375,72899400.0,1,89.144287109375
2014-05-28,89.43142700195312,89.97571563720703,89.1114273071289,89.144287109375,80.59402465820312,78870400.0,2,89.144287109375
2014-05-29,89.43142700195312,89.97571563720703,89.1114273071289,89.144287109375,80.59402465820312,78870400.0,3,90.76856994628906
2014-05-29,89.69285583496094,90.98143005371094,89.68142700195312,90.76856994628906,82.0625228881836,94118500.0,3,90.76856994628906
2014-05-29,89.69285583496094,90.98143005371094,89.68142700195312,90.76856994628906,82.0625228881836,94118500.0,2,90.76856994628906
2014-06-03,89.69285583496094,90.98143005371094,89.68142700195312,90.76856994628906,82.0625228881836,94118500.0,1,91.07714080810547
2014-06-03,89.77999877929688,91.24857330322266,89.75,91.07714080810547,82.34149169921875,73177300.0,1,91.07714080810547
2014-06-09,89.77999877929688,91.24857330322266,89.75,91.07714080810547,82.34149169921875,73177300.0,3,93.69999694824219
2014-06-10,92.69999694824219,93.87999725341797,91.75,93.69999694824219,84.71277618408203,75415000.0,1,94.25
2014-06-10,94.7300033569336,95.05000305175781,93.56999969482422,94.25,85.21001434326172,62777000.0,3,94.25
2014-06-11,94.7300033569336,95.05000305175781,93.56999969482422,94.25,85.21001434326172,62777000.0,3,93.86000061035156
2014-06-11,94.12999725341797,94.76000213623047,93.47000122070312,93.86000061035156,84.85742950439453,45681000.0,1,93.86000061035156
2014-06-13,94.12999725341797,94.76000213623047,93.47000122070312,93.86000061035156,84.85742950439453,45681000.0,1,91.27999877929688
2014-06-17,92.19999694824219,92.44000244140625,90.87999725341797,91.27999877929688,82.52489471435547,54525000.0,2,92.08000183105469
2014-06-25,92.30999755859375,92.69999694824219,91.80000305175781,92.08000183105469,83.24816131591797,29726000.0,1,90.36000061035156
2014-07-02,90.20999908447266,90.69999694824219,89.6500015258789,90.36000061035156,81.69313049316406,36869000.0,3,93.4800033569336
2014-07-11,93.87000274658203,94.05999755859375,93.08999633789062,93.4800033569336,84.51388549804688,28465000.0,2,95.22000122070312
2014-07-14,95.36000061035156,95.88999938964844,94.86000061035156,95.22000122070312,86.08699798583984,34018000.0,1,96.44999694824219
2014-07-14,95.86000061035156,96.88999938964844,95.6500015258789,96.44999694824219,87.19900512695312,42810000.0,2,96.44999694824219
2014-07-21,95.86000061035156,96.88999938964844,95.6500015258789,96.44999694824219,87.19900512695312,42810000.0,2,93.94000244140625
2014-07-21,94.98999786376953,95.0,93.72000122070312,93.94000244140625,84.92977905273438,39079000.0,2,93.94000244140625
2014-07-23,94.98999786376953,95.0,93.72000122070312,93.94000244140625,84.92977905273438,39079000.0,1,97.19000244140625
2014-07-23,95.41999816894531,97.87999725341797,95.16999816894531,97.19000244140625,87.86805725097656,92918000.0,2,97.19000244140625
2014-07-23,95.41999816894531,97.87999725341797,95.16999816894531,97.19000244140625,87.86805725097656,92918000.0,3,97.19000244140625
2014-09-02,95.41999816894531,97.87999725341797,95.16999816894531,97.19000244140625,87.86805725097656,92918000.0,2,103.30000305175781
2014-09-10,103.05999755859375,103.73999786376953,102.72000122070312,103.30000305175781,93.85655975341797,53564000.0,3,101.0
2014-09-10,98.01000213623047,101.11000061035156,97.76000213623047,101.0,91.76680755615234,100869600.0,1,101.0
2014-09-30,98.01000213623047,101.11000061035156,97.76000213623047,101.0,91.76680755615234,100869600.0,2,100.75
2014-09-30,100.80999755859375,101.54000091552734,100.52999877929688,100.75,91.53968048095703,55264100.0,3,100.75
2014-10-02,100.80999755859375,101.54000091552734,100.52999877929688,100.75,91.53968048095703,55264100.0,2,99.9000015258789
2014-10-03,99.2699966430664,100.22000122070312,98.04000091552734,99.9000015258789,90.76737213134766,47757800.0,1,99.62000274658203
2014-10-07,99.44000244140625,100.20999908447266,99.04000091552734,99.62000274658203,90.51295471191406,43469600.0,3,98.75
2014-10-09,99.43000030517578,100.12000274658203,98.7300033569336,98.75,89.72248077392578,42094200.0,2,101.0199966430664
2014-10-14,101.54000091552734,102.37999725341797,100.61000061035156,101.0199966430664,91.78496551513672,77376500.0,2,98.75
2014-10-21,100.38999938964844,100.5199966430664,98.56999969482422,98.75,89.72248077392578,63688600.0,3,102.47000122070312
2014-11-18,103.0199966430664,103.0199966430664,101.2699966430664,102.47000122070312,93.1024169921875,94623900.0,2,115.47000122070312
2014-11-19,113.94000244140625,115.69000244140625,113.88999938964844,115.47000122070312,105.36891174316406,44224000.0,2,114.66999816894531
2014-11-20,115.44000244140625,115.73999786376953,113.80000305175781,114.66999816894531,104.63890075683594,41869200.0,3,116.30999755859375
2014-11-25,114.91000366210938,116.86000061035156,114.8499984741211,116.30999755859375,106.13542938232422,43395500.0,2,117.5999984741211
2014-12-01,119.06999969482422,119.75,117.44999694824219,117.5999984741211,107.31257629394531,68840400.0,1,115.06999969482422
2014-12-02,118.80999755859375,119.25,111.2699966430664,115.06999969482422,105.00389862060547,83814000.0,2,114.62999725341797
2014-12-03,113.5,115.75,112.75,114.62999725341797,104.60237884521484,59348900.0,1,115.93000030517578
2014-12-08,115.75,116.3499984741211,115.11000061035156,115.93000030517578,105.7886734008789,43063400.0,2,112.4000015258789
2015-01-13,114.0999984741211,114.6500015258789,111.62000274658203,112.4000015258789,102.5674819946289,57664900.0,1,110.22000122070312
2015-01-15,111.43000030517578,112.80000305175781,108.91000366210938,110.22000122070312,100.57817077636719,67091900.0,2,106.81999969482422
2015-01-16,110.0,110.05999755859375,106.66000366210938,106.81999969482422,97.4755630493164,60014000.0,3,105.98999786376953
2015-01-16,107.02999877929688,107.58000183105469,105.19999694824219,105.98999786376953,96.71819305419922,78513300.0,1,105.98999786376953
2015-01-28,107.02999877929688,107.58000183105469,105.19999694824219,105.98999786376953,96.71819305419922,78513300.0,2,115.30999755859375
2015-01-28,117.62999725341797,118.12000274658203,115.30999755859375,115.30999755859375,105.22290802001953,146477100.0,2,115.30999755859375
2015-01-28,117.62999725341797,118.12000274658203,115.30999755859375,115.30999755859375,105.22290802001953,146477100.0,2,115.30999755859375
2015-01-28,117.62999725341797,118.12000274658203,115.30999755859375,115.30999755859375,105.22290802001953,146477100.0,1,115.30999755859375
2015-01-28,117.62999725341797,118.12000274658203,115.30999755859375,115.30999755859375,105.22290802001953,146477100.0,3,115.30999755859375
2015-01-28,117.62999725341797,118.12000274658203,115.30999755859375,115.30999755859375,105.22290802001953,146477100.0,3,115.30999755859375
2015-01-28,117.62999725341797,118.12000274658203,115.30999755859375,115.30999755859375,105.22290802001953,146477100.0,2,115.30999755859375
2015-02-11,117.62999725341797,118.12000274658203,115.30999755859375,115.30999755859375,105.22290802001953,146477100.0,2,124.87999725341797
2015-02-24,122.7699966430664,124.91999816894531,122.5,124.87999725341797,114.40548706054688,73561800.0,2,132.1699981689453
2015-02-25,132.94000244140625,133.60000610351562,131.1699981689453,132.1699981689453,121.08399963378906,69228100.0,1,128.7899932861328
2015-03-02,131.55999755859375,131.60000610351562,128.14999389648438,128.7899932861328,117.9875259399414,74711700.0,1,129.08999633789062
2015-03-03,129.25,130.27999877929688,128.3000030517578,129.08999633789062,118.2623519897461,48096700.0,2,129.36000061035156
2015-03-09,128.9600067138672,129.52000427246094,128.08999633789062,129.36000061035156,118.50970458984375,37816300.0,2,127.13999938964844
2015-03-10,127.95999908447266,129.57000732421875,125.05999755859375,127.13999938964844,116.47592163085938,88528500.0,2,124.51000213623047
2015-03-10,126.41000366210938,127.22000122070312,123.80000305175781,124.51000213623047,114.06651306152344,68856600.0,1,124.51000213623047
2015-03-10,126.41000366210938,127.22000122070312,123.80000305175781,124.51000213623047,114.06651306152344,68856600.0,1,124.51000213623047
2015-03-18,126.41000366210938,127.22000122070312,123.80000305175781,124.51000213623047,114.06651306152344,68856600.0,3,128.47000122070312
2015-03-23,127.0,129.16000366210938,126.37000274658203,128.47000122070312,117.69435119628906,65270900.0,3,127.20999908447266
2015-03-24,127.12000274658203,127.8499984741211,126.5199966430664,127.20999908447266,116.54003143310547,37709700.0,2,126.69000244140625
2015-03-26,127.2300033569336,128.0399932861328,126.55999755859375,126.69000244140625,116.06365966796875,32842300.0,1,124.23999786376953
2015-03-31,122.76000213623047,124.87999725341797,122.5999984741211,124.23999786376953,113.81915283203125,47572900.0,2,124.43000030517578
2015-04-08,126.08999633789062,126.48999786376953,124.36000061035156,124.43000030517578,113.99321746826172,42090600.0,2,125.5999984741211
2015-04-16,125.8499984741211,126.4000015258789,124.97000122070312,125.5999984741211,115.0650863647461,37329200.0,3,126.16999816894531
2015-04-17,126.27999877929688,127.0999984741211,126.11000061035156,126.16999816894531,115.5872802734375,28369000.0,3,124.75
2015-04-27,125.55000305175781,126.13999938964844,124.45999908447266,124.75,114.286376953125,51957000.0,2,132.64999389648438
2015-04-27,132.30999755859375,133.1300048828125,131.14999389648438,132.64999389648438,121.52373504638672,96954200.0,1,132.64999389648438
2015-04-27,132.30999755859375,133.1300048828125,131.14999389648438,132.64999389648438,121.52373504638672,96954200.0,3,132.64999389648438
2015-04-28,132.30999755859375,133.1300048828125,131.14999389648438,132.64999389648438,121.52373504638672,96954200.0,3,130.55999755859375
2015-07-13,134.4600067138672,134.5399932861328,129.57000732421875,130.55999755859375,119.60904693603516,118924000.0,2,125.66000366210938
2015-07-30,125.02999877929688,125.76000213623047,124.31999969482422,125.66000366210938,115.60092163085938,41440500.0,1,122.37000274658203
2015-08-05,122.31999969482422,122.56999969482422,121.70999908447266,122.37000274658203,112.57430267333984,33628300.0,1,115.4000015258789
2015-08-25,112.94999694824219,117.44000244140625,112.0999984741211,115.4000015258789,106.1622314453125,99312600.0,3,103.73999786376953
2015-09-09,111.11000061035156,111.11000061035156,103.5,103.73999786376953,95.86760711669922,103601600.0,2,110.1500015258789
2015-09-16,113.76000213623047,114.0199966430664,109.7699966430664,110.1500015258789,101.79116821289062,85010800.0,1,116.41000366210938
2015-09-21,116.25,116.54000091552734,115.44000244140625,116.41000366210938,107.57613372802734,37173500.0,2,115.20999908447266
2015-09-28,113.66999816894531,115.37000274658203,113.66000366210938,115.20999908447266,106.46719360351562,50222000.0,1,112.44000244140625
2015-10-01,113.8499984741211,114.56999969482422,112.44000244140625,112.44000244140625,103.90739440917969,52109000.0,1,109.58000183105469
2015-10-14,109.06999969482422,109.62000274658203,107.30999755859375,109.58000183105469,101.2644271850586,63929100.0,1,110.20999908447266
2015-10-23,111.29000091552734,111.5199966430664,109.55999755859375,110.20999908447266,101.84662628173828,44462400.0,2,119.08000183105469
2015-10-28,116.69999694824219,119.2300033569336,116.33000183105469,119.08000183105469,110.04351043701172,59366900.0,1,119.2699966430664
2015-10-28,116.93000030517578,119.30000305175781,116.05999755859375,119.2699966430664,110.2190933227539,85551400.0,2,119.2699966430664
2015-10-28,116.93000030517578,119.30000305175781,116.05999755859375,119.2699966430664,110.2190933227539,85551400.0,2,119.2699966430664
2015-10-28,116.93000030517578,119.30000305175781,116.05999755859375,119.2699966430664,110.2190933227539,85551400.0,2,119.2699966430664
2015-11-18,116.93000030517578,119.30000305175781,116.05999755859375,119.2699966430664,110.2190933227539,85551400.0,2,117.29000091552734
2015-12-11,115.76000213623047,117.48999786376953,115.5,117.29000091552734,108.8532943725586,46674700.0,1,113.18000030517578
2015-12-14,115.19000244140625,115.38999938964844,112.8499984741211,113.18000030517578,105.0389404296875,46886200.0,2,112.4800033569336
2016-01-07,112.18000030517578,112.68000030517578,109.79000091552734,112.4800033569336,104.38928985595703,64318700.0,2,96.44999694824219
2016-01-08,98.68000030517578,100.12999725341797,96.43000030517578,96.44999694824219,89.5123291015625,81094400.0,2,96.95999908447266
2016-01-08,98.55000305175781,99.11000061035156,96.76000213623047,96.95999908447266,89.98563385009766,70798000.0,2,96.95999908447266
2016-01-11,98.55000305175781,99.11000061035156,96.76000213623047,96.95999908447266,89.98563385009766,70798000.0,1,98.52999877929688
2016-01-11,98.97000122070312,99.05999755859375,97.33999633789062,98.52999877929688,91.44270324707031,49739400.0,1,98.52999877929688
2016-01-11,98.97000122070312,99.05999755859375,97.33999633789062,98.52999877929688,91.44270324707031,49739400.0,2,98.52999877929688
2016-01-12,98.97000122070312,99.05999755859375,97.33999633789062,98.52999877929688,91.44270324707031,49739400.0,3,99.95999908447266
2016-01-27,100.55000305175781,100.69000244140625,98.83999633789062,99.95999908447266,92.76985931396484,49154200.0,1,93.41999816894531
2016-01-27,96.04000091552734,96.62999725341797,93.33999633789062,93.41999816894531,86.7002944946289,133369700.0,2,93.41999816894531
2016-01-27,96.04000091552734,96.62999725341797,93.33999633789062,93.41999816894531,86.7002944946289,133369700.0,2,93.41999816894531
2016-02-12,96.04000091552734,96.62999725341797,93.33999633789062,93.41999816894531,86.7002944946289,133369700.0,2,93.98999786376953
2016-03-07,94.19000244140625,94.5,93.01000213623047,93.98999786376953,87.70259857177734,40351400.0,2,101.87000274658203
2016-03-10,102.38999938964844,102.83000183105469,100.95999908447266,101.87000274658203,95.05550384521484,35828900.0,2,101.16999816894531
2016-03-30,101.41000366210938,102.23999786376953,100.1500015258789,101.16999816894531,94.40231323242188,33513600.0,1,109.55999755859375
2016-04-04,108.6500015258789,110.41999816894531,108.5999984741211,109.55999755859375,102.23106384277344,45601100.0,2,111.12000274658203
2016-04-04,110.41999816894531,112.19000244140625,110.2699966430664,111.12000274658203,103.68669891357422,37356200.0,1,111.12000274658203
2016-04-06,110.41999816894531,112.19000244140625,110.2699966430664,111.12000274658203,103.68669891357422,37356200.0,2,110.95999908447266
2016-04-07,110.2300033569336,110.9800033569336,109.19999694824219,110.95999908447266,103.53739929199219,26404100.0,0,108.54000091552734
2016-04-20,109.94999694824219,110.41999816894531,108.12000274658203,108.54000091552734,101.27930450439453,31801900.0,1,107.12999725341797
2016-04-26,106.63999938964844,108.08999633789062,106.05999755859375,107.12999725341797,99.96363067626953,30611000.0,2,104.3499984741211
2016-04-26,103.91000366210938,105.30000305175781,103.91000366210938,104.3499984741211,97.36958312988281,56016200.0,1,104.3499984741211
2016-04-27,103.91000366210938,105.30000305175781,103.91000366210938,104.3499984741211,97.36958312988281,56016200.0,2,97.81999969482422
2016-04-27,96.0,98.70999908447266,95.68000030517578,97.81999969482422,91.27640533447266,114602100.0,1,97.81999969482422
2016-04-27,96.0,98.70999908447266,95.68000030517578,97.81999969482422,91.27640533447266,114602100.0,2,97.81999969482422
2016-04-27,96.0,98.70999908447266,95.68000030517578,97.81999969482422,91.27640533447266,114602100.0,1,97.81999969482422
2016-04-27,96.0,98.70999908447266,95.68000030517578,97.81999969482422,91.27640533447266,114602100.0,1,97.81999969482422
2016-04-27,96.0,98.70999908447266,95.68000030517578,97.81999969482422,91.27640533447266,114602100.0,1,97.81999969482422
2016-04-27,96.0,98.70999908447266,95.68000030517578,97.81999969482422,91.27640533447266,114602100.0,2,97.81999969482422
2016-04-27,96.0,98.70999908447266,95.68000030517578,97.81999969482422,91.27640533447266,114602100.0,1,97.81999969482422
2016-04-27,96.0,98.70999908447266,95.68000030517578,97.81999969482422,91.27640533447266,114602100.0,2,97.81999969482422
2016-04-27,96.0,98.70999908447266,95.68000030517578,97.81999969482422,91.27640533447266,114602100.0,2,97.81999969482422
2016-04-27,96.0,98.70999908447266,95.68000030517578,97.81999969482422,91.27640533447266,114602100.0,2,97.81999969482422
2016-04-27,96.0,98.70999908447266,95.68000030517578,97.81999969482422,91.27640533447266,114602100.0,1,97.81999969482422
2016-04-27,96.0,98.70999908447266,95.68000030517578,97.81999969482422,91.27640533447266,114602100.0,2,97.81999969482422
2016-04-27,96.0,98.70999908447266,95.68000030517578,97.81999969482422,91.27640533447266,114602100.0,1,97.81999969482422
2016-04-27,96.0,98.70999908447266,95.68000030517578,97.81999969482422,91.27640533447266,114602100.0,2,97.81999969482422
2016-05-11,96.0,98.70999908447266,95.68000030517578,97.81999969482422,91.27640533447266,114602100.0,2,92.51000213623047
2016-06-02,93.4800033569336,93.56999969482422,92.45999908447266,92.51000213623047,86.84716033935547,28719100.0,1,97.72000122070312
2016-07-06,97.5999984741211,97.83999633789062,96.62999725341797,97.72000122070312,91.73826599121094,40191600.0,1,95.52999877929688
2016-07-15,94.5999984741211,95.66000366210938,94.37000274658203,95.52999877929688,89.68231964111328,30949100.0,1,98.77999877929688
2016-07-26,98.91999816894531,99.30000305175781,98.5,98.77999877929688,92.7333755493164,30137000.0,2,96.66999816894531
2016-07-27,96.81999969482422,97.97000122070312,96.41999816894531,96.66999816894531,90.7525405883789,56239800.0,1,102.94999694824219
2016-07-27,104.2699966430664,104.3499984741211,102.75,102.94999694824219,96.6480941772461,92344800.0,1,102.94999694824219
2016-07-27,104.2699966430664,104.3499984741211,102.75,102.94999694824219,96.6480941772461,92344800.0,1,102.94999694824219
2016-07-27,104.2699966430664,104.3499984741211,102.75,102.94999694824219,96.6480941772461,92344800.0,1,102.94999694824219
2016-07-27,104.2699966430664,104.3499984741211,102.75,102.94999694824219,96.6480941772461,92344800.0,2,102.94999694824219
2016-07-27,104.2699966430664,104.3499984741211,102.75,102.94999694824219,96.6480941772461,92344800.0,2,102.94999694824219
2016-07-27,104.2699966430664,104.3499984741211,102.75,102.94999694824219,96.6480941772461,92344800.0,2,102.94999694824219
2016-07-27,104.2699966430664,104.3499984741211,102.75,102.94999694824219,96.6480941772461,92344800.0,2,102.94999694824219
2016-07-27,104.2699966430664,104.3499984741211,102.75,102.94999694824219,96.6480941772461,92344800.0,1,102.94999694824219
2016-07-27,104.2699966430664,104.3499984741211,102.75,102.94999694824219,96.6480941772461,92344800.0,2,102.94999694824219
2016-07-27,104.2699966430664,104.3499984741211,102.75,102.94999694824219,96.6480941772461,92344800.0,1,102.94999694824219
2016-07-28,104.2699966430664,104.3499984741211,102.75,102.94999694824219,96.6480941772461,92344800.0,2,104.33999633789062
2016-08-02,102.83000183105469,104.44999694824219,102.81999969482422,104.33999633789062,97.95299530029297,39869800.0,1,104.4800033569336
2016-08-11,106.05000305175781,106.06999969482422,104.0,104.4800033569336,98.08446502685547,33816600.0,2,107.93000030517578
2016-09-08,108.5199966430664,108.93000030517578,107.8499984741211,107.93000030517578,101.87215423583984,27484500.0,2,105.5199966430664
2016-09-08,107.25,107.2699966430664,105.23999786376953,105.5199966430664,99.5974349975586,53002000.0,2,105.5199966430664
2016-09-08,107.25,107.2699966430664,105.23999786376953,105.5199966430664,99.5974349975586,53002000.0,1,105.5199966430664
2016-09-08,107.25,107.2699966430664,105.23999786376953,105.5199966430664,99.5974349975586,53002000.0,1,105.5199966430664
2016-09-08,107.25,107.2699966430664,105.23999786376953,105.5199966430664,99.5974349975586,53002000.0,1,105.5199966430664
2016-09-08,107.25,107.2699966430664,105.23999786376953,105.5199966430664,99.5974349975586,53002000.0,1,105.5199966430664
2016-09-08,107.25,107.2699966430664,105.23999786376953,105.5199966430664,99.5974349975586,53002000.0,2,105.5199966430664
2016-09-08,107.25,107.2699966430664,105.23999786376953,105.5199966430664,99.5974349975586,53002000.0,1,105.5199966430664
2016-09-08,107.25,107.2699966430664,105.23999786376953,105.5199966430664,99.5974349975586,53002000.0,2,105.5199966430664
2016-09-08,107.25,107.2699966430664,105.23999786376953,105.5199966430664,99.5974349975586,53002000.0,1,105.5199966430664
2016-09-08,107.25,107.2699966430664,105.23999786376953,105.5199966430664,99.5974349975586,53002000.0,3,105.5199966430664
2016-09-08,107.25,107.2699966430664,105.23999786376953,105.5199966430664,99.5974349975586,53002000.0,2,105.5199966430664
2016-09-08,107.25,107.2699966430664,105.23999786376953,105.5199966430664,99.5974349975586,53002000.0,2,105.5199966430664
2016-09-13,107.25,107.2699966430664,105.23999786376953,105.5199966430664,99.5974349975586,53002000.0,2,107.94999694824219
2016-09-14,107.51000213623047,108.79000091552734,107.23999786376953,107.94999694824219,101.89103698730469,62176200.0,1,111.7699966430664
2016-09-15,108.7300033569336,113.02999877929688,108.5999984741211,111.7699966430664,105.49663543701172,110888700.0,2,115.56999969482422
2016-09-15,113.86000061035156,115.7300033569336,113.48999786376953,115.56999969482422,109.08334350585938,89983600.0,1,115.56999969482422
2016-09-16,113.86000061035156,115.7300033569336,113.48999786376953,115.56999969482422,109.08334350585938,89983600.0,2,114.91999816894531
2016-09-22,115.12000274658203,116.12999725341797,114.04000091552734,114.91999816894531,108.46983337402344,79886900.0,1,114.62000274658203
2016-09-22,114.3499984741211,114.94000244140625,114.0,114.62000274658203,108.1866683959961,31074000.0,1,114.62000274658203
2016-09-29,114.3499984741211,114.94000244140625,114.0,114.62000274658203,108.1866683959961,31074000.0,2,112.18000030517578
2016-09-30,113.16000366210938,113.80000305175781,111.80000305175781,112.18000030517578,105.88362884521484,35887000.0,2,113.05000305175781
2016-10-12,112.45999908447266,113.37000274658203,111.80000305175781,113.05000305175781,106.70479583740234,36379100.0,1,117.33999633789062
2016-10-12,117.3499984741211,117.9800033569336,116.75,117.33999633789062,110.75399780273438,37586800.0,1,117.33999633789062
2016-10-14,117.3499984741211,117.9800033569336,116.75,117.33999633789062,110.75399780273438,37586800.0,1,117.62999725341797
2016-10-26,117.87999725341797,118.16999816894531,117.12999725341797,117.62999725341797,111.0277099609375,35652200.0,2,115.58999633789062
2016-10-26,114.30999755859375,115.69999694824219,113.30999755859375,115.58999633789062,109.10221862792969,66134200.0,1,115.58999633789062
2016-10-26,114.30999755859375,115.69999694824219,113.30999755859375,115.58999633789062,109.10221862792969,66134200.0,3,115.58999633789062
2016-10-26,114.30999755859375,115.69999694824219,113.30999755859375,115.58999633789062,109.10221862792969,66134200.0,2,115.58999633789062
2016-10-26,114.30999755859375,115.69999694824219,113.30999755859375,115.58999633789062,109.10221862792969,66134200.0,1,115.58999633789062
2016-10-26,114.30999755859375,115.69999694824219,113.30999755859375,115.58999633789062,109.10221862792969,66134200.0,2,115.58999633789062
2016-10-26,114.30999755859375,115.69999694824219,113.30999755859375,115.58999633789062,109.10221862792969,66134200.0,1,115.58999633789062
2016-10-26,114.30999755859375,115.69999694824219,113.30999755859375,115.58999633789062,109.10221862792969,66134200.0,2,115.58999633789062
2016-10-26,114.30999755859375,115.69999694824219,113.30999755859375,115.58999633789062,109.10221862792969,66134200.0,2,115.58999633789062
2016-10-26,114.30999755859375,115.69999694824219,113.30999755859375,115.58999633789062,109.10221862792969,66134200.0,2,115.58999633789062
2017-01-19,114.30999755859375,115.69999694824219,113.30999755859375,115.58999633789062,109.10221862792969,66134200.0,1,119.77999877929688
2017-01-24,119.4000015258789,120.08999633789062,119.37000274658203,119.77999877929688,113.63751220703125,25597300.0,4,119.97000122070312
2017-03-01,119.55000305175781,120.0999984741211,119.5,119.97000122070312,113.81776428222656,23211000.0,3,139.7899932861328
2017-03-06,137.88999938964844,140.14999389648438,137.60000610351562,139.7899932861328,133.19635009765625,36414600.0,1,139.33999633789062
2017-03-21,139.3699951171875,139.77000427246094,138.60000610351562,139.33999633789062,132.767578125,21750000.0,1,139.83999633789062
2017-03-24,142.11000061035156,142.8000030517578,139.72999572753906,139.83999633789062,133.24400329589844,39529900.0,2,140.63999938964844
2017-03-24,141.5,141.74000549316406,140.35000610351562,140.63999938964844,134.0062713623047,22395600.0,1,140.63999938964844
2017-04-04,141.5,141.74000549316406,140.35000610351562,140.63999938964844,134.0062713623047,22395600.0,1,144.77000427246094
2017-04-18,143.25,144.88999938964844,143.1699981689453,144.77000427246094,137.94146728515625,19891400.0,2,141.1999969482422
2017-04-19,141.41000366210938,142.0399932861328,141.11000061035156,141.1999969482422,134.5398712158203,14697500.0,2,140.67999267578125
2017-06-12,141.8800048828125,142.0,140.4499969482422,140.67999267578125,134.0443878173828,17328400.0,2,145.4199981689453
2017-07-17,145.74000549316406,146.08999633789062,142.50999450683594,145.4199981689453,139.13272094726562,72307300.0,3,149.55999755859375
2017-08-02,148.82000732421875,150.89999389648438,148.57000732421875,149.55999755859375,143.09373474121094,23793500.0,2,157.13999938964844
2017-08-02,159.27999877929688,159.75,156.16000366210938,157.13999938964844,150.34600830078125,69936800.0,1,157.13999938964844
2017-08-02,159.27999877929688,159.75,156.16000366210938,157.13999938964844,150.34600830078125,69936800.0,2,157.13999938964844
2017-08-02,159.27999877929688,159.75,156.16000366210938,157.13999938964844,150.34600830078125,69936800.0,3,157.13999938964844
2017-08-03,159.27999877929688,159.75,156.16000366210938,157.13999938964844,150.34600830078125,69936800.0,3,155.57000732421875
2017-09-06,157.0500030517578,157.2100067138672,155.02000427246094,155.57000732421875,148.84390258789062,27097300.0,1,161.91000366210938
2017-09-19,162.7100067138672,162.99000549316406,160.52000427246094,161.91000366210938,155.51809692382812,21651700.0,1,158.72999572753906
2017-09-22,159.50999450683594,159.77000427246094,158.44000244140625,158.72999572753906,152.46363830566406,20810600.0,2,151.88999938964844
2017-10-13,151.5399932861328,152.27000427246094,150.55999755859375,151.88999938964844,145.89366149902344,46645400.0,2,156.99000549316406
2017-10-16,156.72999572753906,157.27999877929688,156.41000366210938,156.99000549316406,150.7923583984375,16394200.0,3,159.8800048828125
2017-11-03,157.89999389648438,160.0,157.64999389648438,159.8800048828125,153.56825256347656,24121500.0,2,172.5
2017-11-03,174.0,174.25999450683594,171.1199951171875,172.5,165.69003295898438,59398600.0,1,172.5
2017-11-03,174.0,174.25999450683594,171.1199951171875,172.5,165.69003295898438,59398600.0,2,172.5
2017-11-03,174.0,174.25999450683594,171.1199951171875,172.5,165.69003295898438,59398600.0,1,172.5
2017-11-03,174.0,174.25999450683594,171.1199951171875,172.5,165.69003295898438,59398600.0,1,172.5
2017-11-03,174.0,174.25999450683594,171.1199951171875,172.5,165.69003295898438,59398600.0,2,172.5
2017-11-03,174.0,174.25999450683594,171.1199951171875,172.5,165.69003295898438,59398600.0,2,172.5
2017-11-03,174.0,174.25999450683594,171.1199951171875,172.5,165.69003295898438,59398600.0,1,172.5
2017-11-03,174.0,174.25999450683594,171.1199951171875,172.5,165.69003295898438,59398600.0,1,172.5
2017-11-06,174.0,174.25999450683594,171.1199951171875,172.5,165.69003295898438,59398600.0,2,174.25
2017-12-19,172.3699951171875,174.99000549316406,171.72000122070312,174.25,167.37095642089844,35026300.0,1,174.5399932861328
2018-01-17,175.02999877929688,175.38999938964844,174.08999633789062,174.5399932861328,168.2521514892578,27436400.0,3,179.10000610351562
2018-01-22,176.14999389648438,179.25,175.07000732421875,179.10000610351562,172.64791870117188,34386800.0,3,177.0
2018-01-23,177.3000030517578,177.77999877929688,176.60000610351562,177.0,170.6235809326172,27108600.0,3,177.0399932861328
2018-01-25,177.3000030517578,179.44000244140625,176.82000732421875,177.0399932861328,170.66209411621094,32689100.0,2,171.11000061035156
2018-01-31,174.50999450683594,174.9499969482422,170.52999877929688,171.11000061035156,164.94573974609375,41529000.0,2,167.42999267578125
2018-02-02,166.8699951171875,168.44000244140625,166.5,167.42999267578125,161.3983154296875,32478900.0,1,160.5
2018-02-02,166.0,166.8000030517578,160.10000610351562,160.5,154.71798706054688,86593800.0,2,160.5
2018-02-02,166.0,166.8000030517578,160.10000610351562,160.5,154.71798706054688,86593800.0,3,160.5
2018-02-05,166.0,166.8000030517578,160.10000610351562,160.5,154.71798706054688,86593800.0,1,156.49000549316406
2018-03-16,159.10000610351562,163.8800048828125,156.0,156.49000549316406,150.85240173339844,72738500.0,1,178.02000427246094
2018-04-20,178.64999389648438,179.1199951171875,177.6199951171875,178.02000427246094,172.30648803710938,39404700.0,3,165.72000122070312
2018-04-30,170.60000610351562,171.22000122070312,165.42999267578125,165.72000122070312,160.40122985839844,65491100.0,2,165.25999450683594
2018-05-02,162.1300048828125,167.25999450683594,161.83999633789062,165.25999450683594,159.95599365234375,42427400.0,3,176.57000732421875
2018-05-02,175.22999572753906,177.75,173.8000030517578,176.57000732421875,170.90301513671875,66539400.0,3,176.57000732421875
2018-05-24,175.22999572753906,177.75,173.8000030517578,176.57000732421875,170.90301513671875,66539400.0,1,188.14999389648438
2018-05-30,188.77000427246094,188.83999633789062,186.2100067138672,188.14999389648438,182.81358337402344,23234000.0,2,187.5
2018-06-08,187.72000122070312,188.0,186.77999877929688,187.5,182.18203735351562,18690500.0,3,191.6999969482422
2018-07-24,191.1699981689453,192.0,189.77000427246094,191.6999969482422,186.26290893554688,26656800.0,1,193.0
2018-08-01,192.4499969482422,193.66000366210938,192.0500030517578,193.0,187.5260467529297,18697900.0,2,201.5
2018-08-01,199.1300048828125,201.75999450683594,197.30999755859375,201.5,195.7849578857422,67935700.0,3,201.5
2018-08-02,199.1300048828125,201.75999450683594,197.30999755859375,201.5,195.7849578857422,67935700.0,1,207.38999938964844
2018-08-21,200.5800018310547,208.3800048828125,200.35000610351562,207.38999938964844,201.5078887939453,62404000.0,1,215.0399932861328
2018-08-31,216.8000030517578,217.19000244140625,214.02999877929688,215.0399932861328,209.67369079589844,26159800.0,1,227.6300048828125
2018-09-04,226.50999450683594,228.8699951171875,226.0,227.6300048828125,221.9495086669922,43340100.0,3,228.36000061035156
2018-09-05,228.41000366210938,229.17999267578125,226.6300048828125,228.36000061035156,222.6613006591797,27390100.0,1,226.8699951171875
2018-09-05,228.99000549316406,229.6699981689453,225.10000610351562,226.8699951171875,221.20851135253906,33333000.0,2,226.8699951171875
2018-09-13,228.99000549316406,229.6699981689453,225.10000610351562,226.8699951171875,221.20851135253906,33333000.0,1,226.41000366210938
2018-09-13,223.52000427246094,228.35000610351562,222.57000732421875,226.41000366210938,220.7599639892578,41706400.0,2,226.41000366210938
2018-09-28,223.52000427246094,228.35000610351562,222.57000732421875,226.41000366210938,220.7599639892578,41706400.0,1,225.74000549316406
2018-11-02,224.7899932861328,225.83999633789062,224.02000427246094,225.74000549316406,220.106689453125,22929400.0,3,207.47999572753906
2018-11-02,209.5500030517578,213.64999389648438,205.42999267578125,207.47999572753906,202.30235290527344,91328700.0,3,207.47999572753906
2018-11-02,209.5500030517578,213.64999389648438,205.42999267578125,207.47999572753906,202.30235290527344,91328700.0,1,207.47999572753906
2018-11-02,209.5500030517578,213.64999389648438,205.42999267578125,207.47999572753906,202.30235290527344,91328700.0,3,207.47999572753906
2018-11-02,209.5500030517578,213.64999389648438,205.42999267578125,207.47999572753906,202.30235290527344,91328700.0,2,207.47999572753906
2018-11-08,209.5500030517578,213.64999389648438,205.42999267578125,207.47999572753906,202.30235290527344,91328700.0,2,208.49000549316406
2018-11-14,209.97999572753906,210.1199951171875,206.75,208.49000549316406,203.99644470214844,25362600.0,2,186.8000030517578
2018-11-14,193.89999389648438,194.47999572753906,185.92999267578125,186.8000030517578,182.77394104003906,60801000.0,3,186.8000030517578
2018-11-20,193.89999389648438,194.47999572753906,185.92999267578125,186.8000030517578,182.77394104003906,60801000.0,1,176.97999572753906
2018-11-29,178.3699951171875,181.47000122070312,175.50999450683594,176.97999572753906,173.16558837890625,67825200.0,3,179.5500030517578
2018-12-04,182.66000366210938,182.8000030517578,177.6999969482422,179.5500030517578,175.68017578125,41770000.0,1,176.69000244140625
2018-12-06,180.9499969482422,182.38999938964844,176.27000427246094,176.69000244140625,172.8818359375,41344300.0,3,174.72000122070312
2018-12-07,171.75999450683594,174.77999877929688,170.4199981689453,174.72000122070312,170.9542999267578,43098400.0,3,168.49000549316406
2018-12-10,173.49000549316406,174.49000549316406,168.3000030517578,168.49000549316406,164.85858154296875,42281600.0,2,169.60000610351562
2018-12-14,165.0,170.08999633789062,163.3300018310547,169.60000610351562,165.9446563720703,62026000.0,1,165.47999572753906
2019-01-03,169.0,169.0800018310547,165.27999877929688,165.47999572753906,161.91343688964844,40703700.0,1,142.19000244140625
2019-01-03,143.97999572753906,145.72000122070312,142.0,142.19000244140625,139.1254119873047,91312200.0,1,142.19000244140625
2019-01-03,143.97999572753906,145.72000122070312,142.0,142.19000244140625,139.1254119873047,91312200.0,3,142.19000244140625
2019-01-03,143.97999572753906,145.72000122070312,142.0,142.19000244140625,139.1254119873047,91312200.0,3,142.19000244140625
2019-01-03,143.97999572753906,145.72000122070312,142.0,142.19000244140625,139.1254119873047,91312200.0,3,142.19000244140625
2019-01-03,143.97999572753906,145.72000122070312,142.0,142.19000244140625,139.1254119873047,91312200.0,2,142.19000244140625
2019-01-03,143.97999572753906,145.72000122070312,142.0,142.19000244140625,139.1254119873047,91312200.0,3,142.19000244140625
2019-01-03,143.97999572753906,145.72000122070312,142.0,142.19000244140625,139.1254119873047,91312200.0,2,142.19000244140625
2019-01-03,143.97999572753906,145.72000122070312,142.0,142.19000244140625,139.1254119873047,91312200.0,2,142.19000244140625
2019-01-03,143.97999572753906,145.72000122070312,142.0,142.19000244140625,139.1254119873047,91312200.0,1,142.19000244140625
2019-01-04,143.97999572753906,145.72000122070312,142.0,142.19000244140625,139.1254119873047,91312200.0,3,148.25999450683594
2019-01-30,144.52999877929688,148.5500030517578,143.8000030517578,148.25999450683594,145.0645751953125,58607100.0,1,165.25
2019-01-30,163.25,166.14999389648438,160.22999572753906,165.25,161.68841552734375,61109800.0,3,165.25
2019-01-30,163.25,166.14999389648438,160.22999572753906,165.25,161.68841552734375,61109800.0,1,165.25
2019-01-30,163.25,166.14999389648438,160.22999572753906,165.25,161.68841552734375,61109800.0,1,165.25
2019-01-30,163.25,166.14999389648438,160.22999572753906,165.25,161.68841552734375,61109800.0,2,165.25
2019-01-30,163.25,166.14999389648438,160.22999572753906,165.25,161.68841552734375,61109800.0,1,165.25
2019-03-11,163.25,166.14999389648438,160.22999572753906,165.25,161.68841552734375,61109800.0,3,178.89999389648438
2019-03-21,175.49000549316406,179.1199951171875,175.35000610351562,178.89999389648438,175.794921875,32011000.0,1,195.08999633789062
2019-03-21,190.02000427246094,196.3300018310547,189.80999755859375,195.08999633789062,191.70391845703125,51034200.0,0,195.08999633789062
2019-03-21,190.02000427246094,196.3300018310547,189.80999755859375,195.08999633789062,191.70391845703125,51034200.0,2,195.08999633789062
2019-03-26,190.02000427246094,196.3300018310547,189.80999755859375,195.08999633789062,191.70391845703125,51034200.0,1,186.7899932861328
2019-03-26,191.66000366210938,192.8800048828125,184.5800018310547,186.7899932861328,183.54798889160156,49800500.0,2,186.7899932861328
2019-03-26,191.66000366210938,192.8800048828125,184.5800018310547,186.7899932861328,183.54798889160156,49800500.0,2,186.7899932861328
2019-03-26,191.66000366210938,192.8800048828125,184.5800018310547,186.7899932861328,183.54798889160156,49800500.0,1,186.7899932861328
2019-04-10,191.66000366210938,192.8800048828125,184.5800018310547,186.7899932861328,183.54798889160156,49800500.0,1,200.6199951171875
2019-04-24,198.67999267578125,200.74000549316406,198.17999267578125,200.6199951171875,197.137939453125,21695300.0,1,207.16000366210938
2019-04-25,207.36000061035156,208.47999572753906,207.0500030517578,207.16000366210938,203.56443786621094,17540600.0,2,205.27999877929688
2019-05-01,206.8300018310547,207.75999450683594,205.1199951171875,205.27999877929688,201.7170867919922,18543200.0,1,210.52000427246094
2019-05-01,209.8800048828125,215.30999755859375,209.22999572753906,210.52000427246094,206.8661346435547,64827300.0,1,210.52000427246094
2019-05-01,209.8800048828125,215.30999755859375,209.22999572753906,210.52000427246094,206.8661346435547,64827300.0,1,210.52000427246094
2019-05-01,209.8800048828125,215.30999755859375,209.22999572753906,210.52000427246094,206.8661346435547,64827300.0,2,210.52000427246094
2019-05-17,209.8800048828125,215.30999755859375,209.22999572753906,210.52000427246094,206.8661346435547,64827300.0,2,189.0
2019-05-23,186.92999267578125,190.89999389648438,186.75999450683594,189.0,186.4348602294922,32879100.0,3,179.66000366210938
2019-05-28,179.8000030517578,180.5399932861328,177.80999755859375,179.66000366210938,177.2216033935547,36529700.0,1,178.22999572753906
2019-05-30,178.9199981689453,180.58999633789062,177.91000366210938,178.22999572753906,175.81101989746094,27948200.0,1,178.3000030517578
2019-05-30,177.9499969482422,179.22999572753906,176.6699981689453,178.3000030517578,175.8800811767578,21218400.0,2,178.3000030517578
2019-06-04,177.9499969482422,179.22999572753906,176.6699981689453,178.3000030517578,175.8800811767578,21218400.0,2,179.63999938964844
2019-07-08,175.44000244140625,179.8300018310547,174.52000427246094,179.63999938964844,177.20187377929688,30968000.0,1,200.02000427246094
2019-07-09,200.80999755859375,201.39999389648438,198.41000366210938,200.02000427246094,197.30526733398438,25338600.0,5,201.24000549316406
2019-07-17,199.1999969482422,201.50999450683594,198.80999755859375,201.24000549316406,198.50872802734375,20578000.0,2,203.35000610351562
2019-07-18,204.0500030517578,205.08999633789062,203.27000427246094,203.35000610351562,200.59007263183594,14107500.0,3,205.66000366210938
2019-07-19,204.0,205.8800048828125,203.6999969482422,205.66000366210938,202.8687286376953,18582200.0,2,202.58999633789062
2019-07-22,205.7899932861328,206.5,202.36000061035156,202.58999633789062,199.8403778076172,20929300.0,3,207.22000122070312
2019-07-29,203.64999389648438,207.22999572753906,203.61000061035156,207.22000122070312,204.40756225585938,22277900.0,2,209.67999267578125
2019-07-31,208.4600067138672,210.63999938964844,208.44000244140625,209.67999267578125,206.8341522216797,21673400.0,1,213.0399932861328
2019-07-31,216.4199981689453,221.3699951171875,211.3000030517578,213.0399932861328,210.1485595703125,69281400.0,2,213.0399932861328
2019-07-31,216.4199981689453,221.3699951171875,211.3000030517578,213.0399932861328,210.1485595703125,69281400.0,3,213.0399932861328
2019-07-31,216.4199981689453,221.3699951171875,211.3000030517578,213.0399932861328,210.1485595703125,69281400.0,1,213.0399932861328
2019-07-31,216.4199981689453,221.3699951171875,211.3000030517578,213.0399932861328,210.1485595703125,69281400.0,2,213.0399932861328
2019-07-31,216.4199981689453,221.3699951171875,211.3000030517578,213.0399932861328,210.1485595703125,69281400.0,2,213.0399932861328
2019-07-31,216.4199981689453,221.3699951171875,211.3000030517578,213.0399932861328,210.1485595703125,69281400.0,1,213.0399932861328
2019-07-31,216.4199981689453,221.3699951171875,211.3000030517578,213.0399932861328,210.1485595703125,69281400.0,1,213.0399932861328
2019-09-11,216.4199981689453,221.3699951171875,211.3000030517578,213.0399932861328,210.1485595703125,69281400.0,3,223.58999633789062
2019-09-11,218.07000732421875,223.7100067138672,217.72999572753906,223.58999633789062,221.39337158203125,44289600.0,1,223.58999633789062
2019-09-11,218.07000732421875,223.7100067138672,217.72999572753906,223.58999633789062,221.39337158203125,44289600.0,3,223.58999633789062
2019-09-13,218.07000732421875,223.7100067138672,217.72999572753906,223.58999633789062,221.39337158203125,44289600.0,0,218.75
2019-09-20,220.0,220.7899932861328,217.02000427246094,218.75,216.60092163085938,39763300.0,3,217.72999572753906
2019-09-30,221.3800048828125,222.55999755859375,217.47000122070312,217.72999572753906,215.59091186523438,55413100.0,1,223.97000122070312
2019-10-07,220.89999389648438,224.5800018310547,220.7899932861328,223.97000122070312,221.76962280273438,25977400.0,2,227.05999755859375
2019-10-09,226.27000427246094,229.92999267578125,225.83999633789062,227.05999755859375,224.8292694091797,30576500.0,3,227.02999877929688
2019-10-10,227.02999877929688,227.7899932861328,225.63999938964844,227.02999877929688,224.79957580566406,18692600.0,1,230.08999633789062
2019-10-11,227.92999267578125,230.44000244140625,227.3000030517578,230.08999633789062,227.82949829101562,28253400.0,1,236.2100067138672
2019-10-17,232.9499969482422,237.63999938964844,232.30999755859375,236.2100067138672,233.88937377929688,41698900.0,2,235.27999877929688
2019-10-21,235.08999633789062,236.14999389648438,233.52000427246094,235.27999877929688,232.96852111816406,16896300.0,3,240.50999450683594
2019-10-22,237.52000427246094,240.99000549316406,237.32000732421875,240.50999450683594,238.14712524414062,21811800.0,2,239.9600067138672
2019-10-23,241.16000366210938,242.1999969482422,239.6199951171875,239.9600067138672,237.6025390625,20573400.0,3,243.17999267578125
2019-10-24,242.10000610351562,243.24000549316406,241.22000122070312,243.17999267578125,240.79090881347656,18957200.0,2,243.5800018310547
2019-10-25,244.50999450683594,244.8000030517578,241.80999755859375,243.5800018310547,241.1869659423828,17318800.0,1,246.5800018310547
2019-10-28,243.16000366210938,246.72999572753906,242.8800048828125,246.5800018310547,244.15750122070312,18369300.0,1,249.0500030517578
2019-10-28,247.4199981689453,249.25,246.72000122070312,249.0500030517578,246.60324096679688,24143200.0,3,249.0500030517578
2019-10-28,247.4199981689453,249.25,246.72000122070312,249.0500030517578,246.60324096679688,24143200.0,1,249.0500030517578
2019-10-31,247.4199981689453,249.25,246.72000122070312,249.0500030517578,246.60324096679688,24143200.0,1,248.75999450683594
2019-10-31,247.24000549316406,249.1699981689453,237.25999450683594,248.75999450683594,246.3160858154297,34790500.0,3,248.75999450683594
2019-10-31,247.24000549316406,249.1699981689453,237.25999450683594,248.75999450683594,246.3160858154297,34790500.0,2,248.75999450683594
2019-10-31,247.24000549316406,249.1699981689453,237.25999450683594,248.75999450683594,246.3160858154297,34790500.0,1,248.75999450683594
2019-10-31,247.24000549316406,249.1699981689453,237.25999450683594,248.75999450683594,246.3160858154297,34790500.0,1,248.75999450683594
2019-10-31,247.24000549316406,249.1699981689453,237.25999450683594,248.75999450683594,246.3160858154297,34790500.0,1,248.75999450683594
2019-10-31,247.24000549316406,249.1699981689453,237.25999450683594,248.75999450683594,246.3160858154297,34790500.0,2,248.75999450683594
2019-10-31,247.24000549316406,249.1699981689453,237.25999450683594,248.75999450683594,246.3160858154297,34790500.0,3,248.75999450683594
2019-10-31,247.24000549316406,249.1699981689453,237.25999450683594,248.75999450683594,246.3160858154297,34790500.0,2,248.75999450683594
2019-10-31,247.24000549316406,249.1699981689453,237.25999450683594,248.75999450683594,246.3160858154297,34790500.0,1,248.75999450683594
2019-11-14,247.24000549316406,249.1699981689453,237.25999450683594,248.75999450683594,246.3160858154297,34790500.0,2,262.6400146484375
2019-11-15,263.75,264.8800048828125,262.1000061035156,262.6400146484375,260.8404846191406,22295700.0,5,265.760009765625
2019-11-15,263.67999267578125,265.7799987792969,263.010009765625,265.760009765625,263.9391174316406,25051600.0,2,265.760009765625
2019-11-15,263.67999267578125,265.7799987792969,263.010009765625,265.760009765625,263.9391174316406,25051600.0,2,265.760009765625
2019-11-26,263.67999267578125,265.7799987792969,263.010009765625,265.760009765625,263.9391174316406,25051600.0,2,264.2900085449219
2019-12-02,266.94000244140625,267.1600036621094,262.5,264.2900085449219,262.4791564941406,26301900.0,1,264.1600036621094
2019-12-11,267.2699890136719,268.25,263.45001220703125,264.1600036621094,262.3500671386719,23621800.0,2,270.7699890136719
2019-12-17,268.80999755859375,271.1000061035156,268.5,270.7699890136719,268.914794921875,19689200.0,2,280.4100036621094
2019-12-20,279.57000732421875,281.7699890136719,278.79998779296875,280.4100036621094,278.48876953125,28539600.0,2,279.44000244140625
2019-12-23,282.2300109863281,282.6499938964844,278.55999755859375,279.44000244140625,277.525390625,68994500.0,2,284.0
2020-01-03,280.5299987792969,284.25,280.3699951171875,284.0,282.05413818359375,24643000.0,2,297.42999267578125
2020-01-03,297.1499938964844,300.5799865722656,296.5,297.42999267578125,295.3921203613281,36580700.0,2,297.42999267578125
2020-01-06,297.1499938964844,300.5799865722656,296.5,297.42999267578125,295.3921203613281,36580700.0,1,299.79998779296875
2020-01-06,293.7900085449219,299.9599914550781,292.75,299.79998779296875,297.7458801269531,29596800.0,1,299.79998779296875
2020-01-09,293.7900085449219,299.9599914550781,292.75,299.79998779296875,297.7458801269531,29596800.0,1,309.6300048828125
2020-01-13,307.239990234375,310.42999267578125,306.20001220703125,309.6300048828125,307.508544921875,42527100.0,1,316.9599914550781
2020-01-14,311.6400146484375,317.07000732421875,311.1499938964844,316.9599914550781,314.7882995605469,30383000.0,1,312.67999267578125
2020-01-14,316.70001220703125,317.57000732421875,312.1700134277344,312.67999267578125,310.5376281738281,40488600.0,4,312.67999267578125
2020-01-15,316.70001220703125,317.57000732421875,312.1700134277344,312.67999267578125,310.5376281738281,40488600.0,1,311.3399963378906
2020-01-17,311.8500061035156,315.5,309.54998779296875,311.3399963378906,309.2068176269531,30480900.0,1,318.7300109863281
2020-01-17,316.2699890136719,318.739990234375,315.0,318.7300109863281,316.54620361328125,34454100.0,2,318.7300109863281
2020-01-23,316.2699890136719,318.739990234375,315.0,318.7300109863281,316.54620361328125,34454100.0,3,319.2300109863281
2020-01-24,317.9200134277344,319.55999755859375,315.6499938964844,319.2300109863281,317.04278564453125,26118000.0,1,318.30999755859375
2020-01-24,320.25,323.3299865722656,317.5199890136719,318.30999755859375,316.1290588378906,36634400.0,5,318.30999755859375
2020-01-24,320.25,323.3299865722656,317.5199890136719,318.30999755859375,316.1290588378906,36634400.0,2,318.30999755859375
2020-01-27,320.25,323.3299865722656,317.5199890136719,318.30999755859375,316.1290588378906,36634400.0,2,308.95001220703125
2020-01-29,310.05999755859375,311.7699890136719,304.8800048828125,308.95001220703125,306.83319091796875,40485000.0,3,324.3399963378906
2020-01-29,324.45001220703125,327.8500061035156,321.3800048828125,324.3399963378906,322.11773681640625,54057300.0,2,324.3399963378906
2020-01-29,324.45001220703125,327.8500061035156,321.3800048828125,324.3399963378906,322.11773681640625,54057300.0,1,324.3399963378906
2020-01-29,324.45001220703125,327.8500061035156,321.3800048828125,324.3399963378906,322.11773681640625,54057300.0,2,324.3399963378906
2020-01-29,324.45001220703125,327.8500061035156,321.3800048828125,324.3399963378906,322.11773681640625,54057300.0,3,324.3399963378906
2020-01-29,324.45001220703125,327.8500061035156,321.3800048828125,324.3399963378906,322.11773681640625,54057300.0,2,324.3399963378906
2020-01-29,324.45001220703125,327.8500061035156,321.3800048828125,324.3399963378906,322.11773681640625,54057300.0,2,324.3399963378906
2020-01-29,324.45001220703125,327.8500061035156,321.3800048828125,324.3399963378906,322.11773681640625,54057300.0,2,324.3399963378906
2020-01-29,324.45001220703125,327.8500061035156,321.3800048828125,324.3399963378906,322.11773681640625,54057300.0,2,324.3399963378906
2020-01-29,324.45001220703125,327.8500061035156,321.3800048828125,324.3399963378906,322.11773681640625,54057300.0,1,324.3399963378906
2020-01-29,324.45001220703125,327.8500061035156,321.3800048828125,324.3399963378906,322.11773681640625,54057300.0,3,324.3399963378906
2020-01-29,324.45001220703125,327.8500061035156,321.3800048828125,324.3399963378906,322.11773681640625,54057300.0,3,324.3399963378906
2020-01-29,324.45001220703125,327.8500061035156,321.3800048828125,324.3399963378906,322.11773681640625,54057300.0,3,324.3399963378906
2020-01-29,324.45001220703125,327.8500061035156,321.3800048828125,324.3399963378906,322.11773681640625,54057300.0,1,324.3399963378906
2020-01-29,324.45001220703125,327.8500061035156,321.3800048828125,324.3399963378906,322.11773681640625,54057300.0,2,324.3399963378906
2020-01-29,324.45001220703125,327.8500061035156,321.3800048828125,324.3399963378906,322.11773681640625,54057300.0,3,324.3399963378906
2020-01-29,324.45001220703125,327.8500061035156,321.3800048828125,324.3399963378906,322.11773681640625,54057300.0,3,324.3399963378906
2020-01-29,324.45001220703125,327.8500061035156,321.3800048828125,324.3399963378906,322.11773681640625,54057300.0,1,324.3399963378906
2020-01-30,324.45001220703125,327.8500061035156,321.3800048828125,324.3399963378906,322.11773681640625,54057300.0,1,323.8699951171875
2020-02-18,320.5400085449219,324.0899963378906,318.75,323.8699951171875,321.6509704589844,31685800.0,1,319.0
2020-02-18,315.3599853515625,319.75,314.6099853515625,319.0,317.56622314453125,38132800.0,3,319.0
2020-03-02,315.3599853515625,319.75,314.6099853515625,319.0,317.56622314453125,38132800.0,1,298.80999755859375
2020-03-02,282.2799987792969,301.44000244140625,277.7200012207031,298.80999755859375,297.4669494628906,85349300.0,2,298.80999755859375
2020-03-06,282.2799987792969,301.44000244140625,277.7200012207031,298.80999755859375,297.4669494628906,85349300.0,1,289.0299987792969
2020-03-10,282.0,290.82000732421875,281.2300109863281,289.0299987792969,287.73095703125,56544200.0,3,285.3399963378906
2020-03-11,277.1400146484375,286.44000244140625,269.3699951171875,285.3399963378906,284.0575256347656,71322500.0,1,275.42999267578125
2020-03-13,277.3900146484375,281.2200012207031,271.8599853515625,275.42999267578125,274.1920471191406,63899700.0,1,277.9700012207031
2020-03-17,264.8900146484375,279.9200134277344,252.9499969482422,277.9700012207031,276.72064208984375,92683000.0,2,252.86000061035156
2020-03-17,247.50999450683594,257.6099853515625,238.39999389648438,252.86000061035156,251.7235107421875,81014000.0,2,252.86000061035156
2020-03-19,247.50999450683594,257.6099853515625,238.39999389648438,252.86000061035156,251.7235107421875,81014000.0,1,244.77999877929688
2020-03-23,247.38999938964844,252.83999633789062,242.61000061035156,244.77999877929688,243.6798095703125,67964300.0,1,224.3699951171875
2020-03-25,228.0800018310547,228.5,212.61000061035156,224.3699951171875,223.36154174804688,84188200.0,3,245.52000427246094
2020-03-30,250.75,258.25,244.3000030517578,245.52000427246094,244.41648864746094,75900500.0,1,254.80999755859375
2020-04-03,250.74000549316406,255.52000427246094,249.39999389648438,254.80999755859375,253.66473388671875,41994100.0,1,241.41000366210938
2020-04-03,242.8000030517578,245.6999969482422,238.97000122070312,241.41000366210938,240.32496643066406,32470000.0,3,241.41000366210938
2020-04-08,242.8000030517578,245.6999969482422,238.97000122070312,241.41000366210938,240.32496643066406,32470000.0,2,266.07000732421875
2020-04-09,262.739990234375,267.3699951171875,261.2300109863281,266.07000732421875,264.8741455078125,42223800.0,2,267.989990234375
2020-04-13,268.70001220703125,270.07000732421875,264.70001220703125,267.989990234375,266.7854919433594,40529100.0,3,273.25
2020-04-16,268.30999755859375,273.70001220703125,265.8299865722656,273.25,272.0218811035156,32755700.0,2,286.69000244140625
2020-04-17,287.3800048828125,288.20001220703125,282.3500061035156,286.69000244140625,285.4014587402344,39281300.0,1,282.79998779296875
2020-04-23,284.69000244140625,286.95001220703125,276.8599853515625,282.79998779296875,281.5289306640625,53812500.0,5,275.0299987792969
2020-04-27,275.8699951171875,281.75,274.8699951171875,275.0299987792969,273.7938537597656,31203600.0,2,283.1700134277344
2020-05-01,281.79998779296875,284.5400085449219,279.95001220703125,283.1700134277344,281.89727783203125,29271900.0,1,289.07000732421875
2020-05-01,286.25,299.0,285.8500061035156,289.07000732421875,287.770751953125,60154200.0,2,289.07000732421875
2020-05-01,286.25,299.0,285.8500061035156,289.07000732421875,287.770751953125,60154200.0,1,289.07000732421875
2020-05-01,286.25,299.0,285.8500061035156,289.07000732421875,287.770751953125,60154200.0,2,289.07000732421875
2020-05-01,286.25,299.0,285.8500061035156,289.07000732421875,287.770751953125,60154200.0,2,289.07000732421875
2020-05-01,286.25,299.0,285.8500061035156,289.07000732421875,287.770751953125,60154200.0,2,289.07000732421875
2020-05-01,286.25,299.0,285.8500061035156,289.07000732421875,287.770751953125,60154200.0,1,289.07000732421875
2020-05-01,286.25,299.0,285.8500061035156,289.07000732421875,287.770751953125,60154200.0,1,289.07000732421875
2020-05-01,286.25,299.0,285.8500061035156,289.07000732421875,287.770751953125,60154200.0,3,289.07000732421875
2020-05-01,286.25,299.0,285.8500061035156,289.07000732421875,287.770751953125,60154200.0,1,289.07000732421875
2020-05-12,286.25,299.0,285.8500061035156,289.07000732421875,287.770751953125,60154200.0,1,311.4100036621094
2020-05-27,317.8299865722656,319.69000244140625,310.9100036621094,311.4100036621094,310.84954833984375,40575300.0,2,318.1099853515625
2020-05-27,316.1400146484375,318.7099914550781,313.0899963378906,318.1099853515625,317.5374755859375,28236300.0,1,318.1099853515625
2020-06-03,316.1400146484375,318.7099914550781,313.0899963378906,318.1099853515625,317.5374755859375,28236300.0,1,325.1199951171875
2020-06-05,324.6600036621094,326.20001220703125,322.29998779296875,325.1199951171875,324.53485107421875,26122800.0,2,331.5
2020-06-05,323.3500061035156,331.75,323.2300109863281,331.5,330.90338134765625,34312600.0,3,331.5
2020-06-10,323.3500061035156,331.75,323.2300109863281,331.5,330.90338134765625,34312600.0,2,352.8399963378906
2020-06-11,347.8999938964844,354.7699890136719,346.0899963378906,352.8399963378906,352.2049560546875,41662900.0,1,335.8999938964844
2020-06-11,349.30999755859375,351.05999755859375,335.4800109863281,335.8999938964844,335.2954406738281,50415600.0,3,335.8999938964844
2020-06-11,349.30999755859375,351.05999755859375,335.4800109863281,335.8999938964844,335.2954406738281,50415600.0,2,335.8999938964844
2020-06-16,349.30999755859375,351.05999755859375,335.4800109863281,335.8999938964844,335.2954406738281,50415600.0,1,352.0799865722656
2020-06-17,351.4599914550781,353.20001220703125,344.7200012207031,352.0799865722656,351.4463195800781,41357200.0,1,351.5899963378906
2020-06-22,355.1499938964844,355.3999938964844,351.0899963378906,351.5899963378906,350.95721435546875,28532000.0,2,358.8699951171875
2020-06-23,351.3399963378906,359.4599914550781,351.1499938964844,358.8699951171875,358.22412109375,33861300.0,2,366.5299987792969
2020-06-23,364.0,372.3800048828125,362.2699890136719,366.5299987792969,365.8703308105469,53038900.0,2,366.5299987792969
2020-06-23,364.0,372.3800048828125,362.2699890136719,366.5299987792969,365.8703308105469,53038900.0,1,366.5299987792969
2020-06-25,364.0,372.3800048828125,362.2699890136719,366.5299987792969,365.8703308105469,53038900.0,1,364.8399963378906
2020-07-07,360.70001220703125,365.0,357.57000732421875,364.8399963378906,364.1833801269531,34380600.0,2,372.69000244140625
2020-07-07,375.4100036621094,378.6199951171875,372.2300109863281,372.69000244140625,372.0192565917969,28106100.0,2,372.69000244140625
2020-07-13,375.4100036621094,378.6199951171875,372.2300109863281,372.69000244140625,372.0192565917969,28106100.0,1,381.9100036621094
2020-07-13,389.05999755859375,399.82000732421875,381.0299987792969,381.9100036621094,381.22265625,47912300.0,2,381.9100036621094
2020-07-15,389.05999755859375,399.82000732421875,381.0299987792969,381.9100036621094,381.22265625,47912300.0,2,390.8999938964844
2020-07-29,395.9599914550781,396.989990234375,385.9599914550781,390.8999938964844,390.19647216796875,38299500.0,1,380.1600036621094
2020-07-31,375.0,380.9200134277344,374.8500061035156,380.1600036621094,379.4757995605469,22582300.0,3,425.0400085449219
2020-07-31,411.5400085449219,425.6600036621094,403.29998779296875,425.0400085449219,424.2750244140625,93584200.0,2,425.0400085449219
2020-07-31,411.5400085449219,425.6600036621094,403.29998779296875,425.0400085449219,424.2750244140625,93584200.0,1,425.0400085449219
2020-07-31,411.5400085449219,425.6600036621094,403.29998779296875,425.0400085449219,424.2750244140625,93584200.0,1,425.0400085449219
2020-07-31,411.5400085449219,425.6600036621094,403.29998779296875,425.0400085449219,424.2750244140625,93584200.0,2,425.0400085449219
2020-07-31,411.5400085449219,425.6600036621094,403.29998779296875,425.0400085449219,424.2750244140625,93584200.0,2,425.0400085449219
2020-07-31,411.5400085449219,425.6600036621094,403.29998779296875,425.0400085449219,424.2750244140625,93584200.0,3,425.0400085449219
2020-07-31,411.5400085449219,425.6600036621094,403.29998779296875,425.0400085449219,424.2750244140625,93584200.0,1,425.0400085449219
2020-08-05,411.5400085449219,425.6600036621094,403.29998779296875,425.0400085449219,424.2750244140625,93584200.0,1,440.25
2020-08-05,437.510009765625,441.57000732421875,435.5899963378906,440.25,439.4576416015625,30498000.0,3,440.25
2020-08-10,437.510009765625,441.57000732421875,435.5899963378906,440.25,439.4576416015625,30498000.0,2,450.9100036621094
